-- phpMyAdmin SQL Dump
-- version 4.8.3
-- https://www.phpmyadmin.net/
--
-- Host: 127.0.0.1
-- Generation Time: Jan 25, 2021 at 11:55 AM
-- Server version: 10.1.35-MariaDB
-- PHP Version: 7.1.21

SET SQL_MODE = "NO_AUTO_VALUE_ON_ZERO";
SET AUTOCOMMIT = 0;
START TRANSACTION;
SET time_zone = "+00:00";


/*!40101 SET @OLD_CHARACTER_SET_CLIENT=@@CHARACTER_SET_CLIENT */;
/*!40101 SET @OLD_CHARACTER_SET_RESULTS=@@CHARACTER_SET_RESULTS */;
/*!40101 SET @OLD_COLLATION_CONNECTION=@@COLLATION_CONNECTION */;
/*!40101 SET NAMES utf8mb4 */;

--
-- Database: `acr_inventory`
--

-- --------------------------------------------------------

--
-- Table structure for table `book_dis_meta_grades`
--

CREATE TABLE `book_dis_meta_grades` (
  `id` int(10) UNSIGNED NOT NULL,
  `title` varchar(255) COLLATE utf8_unicode_ci NOT NULL,
  `description` varchar(255) COLLATE utf8_unicode_ci NOT NULL,
  `code` varchar(255) COLLATE utf8_unicode_ci NOT NULL,
  `created_at` timestamp NULL DEFAULT NULL,
  `updated_at` timestamp NULL DEFAULT NULL
) ENGINE=InnoDB DEFAULT CHARSET=utf8 COLLATE=utf8_unicode_ci;

--
-- Dumping data for table `book_dis_meta_grades`
--

INSERT INTO `book_dis_meta_grades` (`id`, `title`, `description`, `code`, `created_at`, `updated_at`) VALUES
(1, 'Grade One', 'Grade One', '1', NULL, NULL),
(2, 'Grade Two', 'Grade Two', '2', NULL, NULL),
(3, 'Grade Three', 'Grade Three', '3', NULL, NULL),
(4, 'Grade Four', 'Grade Four', '4', NULL, NULL),
(5, 'Grade Five', 'Grade Five', '5', NULL, NULL),
(6, 'Grade Six', 'Grade Six', '6', NULL, NULL),
(7, 'Grade Seven', 'Grade Seven', '7', NULL, NULL),
(8, 'Grade Eight', 'Grade Eight', '8', NULL, NULL),
(9, 'Grade Nine', 'Grade Nine', '9', NULL, NULL),
(10, 'Grade Ten', 'Grade Ten', '10', NULL, NULL),
(11, 'Grade Eleven', 'Grade Eleven', '11', NULL, NULL),
(12, 'Grade Twelve', 'Grade Twelve', '12', NULL, NULL);

-- --------------------------------------------------------

--
-- Table structure for table `book_dis_meta_titles`
--

CREATE TABLE `book_dis_meta_titles` (
  `id` int(10) UNSIGNED NOT NULL,
  `title` varchar(255) COLLATE utf8_unicode_ci NOT NULL,
  `description` varchar(255) COLLATE utf8_unicode_ci NOT NULL,
  `code` varchar(255) COLLATE utf8_unicode_ci NOT NULL,
  `created_at` timestamp NULL DEFAULT NULL,
  `updated_at` timestamp NULL DEFAULT NULL,
  `grade_id` int(10) UNSIGNED NOT NULL
) ENGINE=InnoDB DEFAULT CHARSET=utf8 COLLATE=utf8_unicode_ci;

--
-- Dumping data for table `book_dis_meta_titles`
--

INSERT INTO `book_dis_meta_titles` (`id`, `title`, `description`, `code`, `created_at`, `updated_at`, `grade_id`) VALUES
(1, 'ازبکی', 'ازبکی ', '1', NULL, NULL, 1),
(2, 'بلوچی', 'بلوچی', '2', NULL, NULL, 1),
(3, 'پښتو ژبه', 'پښتو ژبه', '3', NULL, NULL, 1),
(4, 'ریاضی', 'ریاضی', '4', NULL, NULL, 1),
(5, 'مهارت زندگی', 'مهارت زندگی', '5', NULL, NULL, 1),
(6, 'هنر رسامی', 'هنر رسامی', '6', NULL, NULL, 1),
(7, 'حسن خط', 'حسن خط', '7', NULL, NULL, 1),
(8, 'پشیی', 'پشیی', '8', NULL, NULL, 1),
(9, 'ترکمنی', 'ترکمنی', '9', NULL, NULL, 1),
(10, 'لسان دری', 'لسان دری', '10', NULL, NULL, 1),
(11, 'شغنانی', 'شغنانی', '11', NULL, NULL, 1),
(12, 'کجری', 'کجری', '12', NULL, NULL, 1),
(13, 'نورستانی', 'نورستانی', '13', NULL, NULL, 1),
(14, 'واخانی', 'واخانی', '14', NULL, NULL, 1),
(15, 'ازبکی', 'ازبکی', '15', NULL, NULL, 2),
(16, 'بلوچی', 'بلوچی', '16', NULL, NULL, 2),
(17, 'پښتو ژبه', 'پښتو ژبه', '17', NULL, NULL, 2),
(18, 'ریاضی', 'ریاضی', '18', NULL, NULL, 2),
(19, 'مهارت زندگی', 'مهارت زندگی', '19', NULL, NULL, 2),
(20, 'هنر رسامی', 'هنر رسامی', '20', NULL, NULL, 2),
(21, 'حسن خط', 'حسن خط', '21', NULL, NULL, 2),
(22, 'پشیی', 'پشیی', '22', NULL, NULL, 2),
(23, 'ترکمنی', 'ترکمنی', '23', NULL, NULL, 2),
(24, 'لسان دری ', 'لسان دری', '24', NULL, NULL, 2),
(25, 'شغنانی', 'شغنانی', '25', NULL, NULL, 2),
(26, 'کجری', 'کجری', '26', NULL, NULL, 2),
(27, 'نورستانی', 'نورستانی', '27', NULL, NULL, 2),
(28, 'واخانی', 'واخانی', '28', NULL, NULL, 2),
(29, 'ازبکی', 'ازبکی', '29', NULL, NULL, 3),
(30, 'بلوچی', 'بلوچی', '30', NULL, NULL, 3),
(31, 'پښتو ژبه', 'پښتو ژبه', '31', NULL, NULL, 3),
(32, 'ریاضی', 'ریاضی', '32', NULL, NULL, 3),
(33, 'مهارت زندگی', 'مهارت زندگی', '33', NULL, NULL, 3),
(34, 'هنر رسامی', 'هنر رسامی', '34', NULL, NULL, 3),
(35, 'حسن خط', 'حسن خط', '35', NULL, NULL, 3),
(36, 'پشیی', 'پشیی', '36', NULL, NULL, 3),
(37, 'ترکمنی', 'ترکمنی', '37', NULL, NULL, 3),
(38, 'لسان دری', 'لسان دری', '38', NULL, NULL, 3),
(39, 'شغنانی', 'شغنانی', '39', NULL, NULL, 3),
(40, 'کجری', 'کجری', '40', NULL, NULL, 3),
(41, 'نورستانی', 'نورستانی', '41', NULL, NULL, 3),
(42, 'ازبکی', 'ازبکی', '42', NULL, NULL, 4),
(43, 'بلوچی', 'بلوچی', '43', NULL, NULL, 4),
(44, 'پښتو ژبه', 'پښتو ژبه', '44', NULL, NULL, 4),
(45, 'ریاضی', 'ریاضی', '45', NULL, NULL, 4),
(46, 'ساینس', 'ساینس', '46', NULL, NULL, 4),
(47, 'اجتماعیات', 'اجتماعیات', '47', NULL, NULL, 4),
(48, 'انگلیسی', 'انگلیسی', '48', NULL, NULL, 4),
(49, 'هنر رسامی', 'هنر رسامی', '49', NULL, NULL, 4),
(50, 'حسن خط', 'حسن خط', '50', NULL, NULL, 4),
(51, 'لسان دری برای پشتو زبانها', 'لسان دری برای پشتو زبانها', '51', NULL, NULL, 4),
(52, 'پشیی', 'پشیی', '52', NULL, NULL, 4),
(53, 'ترکمنی', 'ترکمنی', '53', NULL, NULL, 4),
(54, 'لسان دری', 'لسان دری', '54', NULL, NULL, 4),
(55, 'لسان پشتو برای دری زبانها', 'لسان پشتو برای دری زبانها', '55', NULL, NULL, 4),
(56, 'شغنانی', 'شغنانی', '56', NULL, NULL, 4),
(57, 'کجری', 'کجری', '57', NULL, NULL, 4),
(58, 'نورستانی', 'نورستانی', '58', NULL, NULL, 4),
(59, 'ازبکی', 'ازبکی', '59', NULL, NULL, 5),
(60, 'بلوچی', 'بلوچی', '60', NULL, NULL, 5),
(61, 'پښتو ژبه', 'پښتو ژبه', '61', NULL, NULL, 5),
(62, 'ریاضی', 'ریاضی', '62', NULL, NULL, 5),
(63, 'ساینس', 'ساینس', '63', NULL, NULL, 5),
(64, 'اجتماعیات', 'اجتماعیات', '64', NULL, NULL, 5),
(65, 'لسان دری برای پشتو زبانها', 'لسان دری برای پشتو زبانها', '65', NULL, NULL, 5),
(66, 'انگلیسی', 'انگلیسی', '66', NULL, NULL, 5),
(67, 'هنر رسامی', 'هنر رسامی', '67', NULL, NULL, 5),
(68, 'حسن خط', 'حسن خط', '68', NULL, NULL, 5),
(69, 'پشیی', 'پشیی', '69', NULL, NULL, 5),
(70, 'ترکمنی', 'ترکمنی', '70', NULL, NULL, 5),
(71, 'لسان دری', 'لسان دری', '71', NULL, NULL, 5),
(72, 'لسان پشتو برای دری زبانها', 'لسان پشتو برای دری زبانها', '72', NULL, NULL, 5),
(73, 'شغنانی', 'شغنانی', '73', NULL, NULL, 5),
(74, 'کجری', 'کجری', '74', NULL, NULL, 5),
(75, 'نورستانی', 'نورستانی', '75', NULL, NULL, 5),
(76, 'ازبکی', 'ازبکی', '76', NULL, NULL, 6),
(77, 'بلوچی', 'بلوچی', '77', NULL, NULL, 6),
(78, 'لسان دری برای پشتو زبانها', 'لسان دری برای پشتو زبانها', '78', NULL, NULL, 6),
(79, 'ریاضی', 'ریاضی', '79', NULL, NULL, 6),
(80, 'انگلیسی', 'انگلیسی', '80', NULL, NULL, 6),
(81, 'ساینس', 'ساینس', '81', NULL, NULL, 6),
(82, 'اجتماعیات', 'اجتماعیات', '82', NULL, NULL, 6),
(83, 'هنر رسامی', 'هنر رسامی', '83', NULL, NULL, 6),
(84, 'پښتو ژبه', 'پښتو ژبه', '84', NULL, NULL, 6),
(85, 'حسن خط', 'حسن خط', '85', NULL, NULL, 6),
(86, 'پشیی', 'پشیی', '86', NULL, NULL, 6),
(87, 'ترکمنی', 'ترکمنی', '87', NULL, NULL, 6),
(88, 'لسان دری', 'لسان دری', '88', NULL, NULL, 6),
(89, 'لسان پشتو برای دری زبانها', 'لسان پشتو برای دری زبانها', '89', NULL, NULL, 6),
(90, 'شغنانی', 'شغنانی', '90', NULL, NULL, 6),
(91, 'کجری', 'کجری', '91', NULL, NULL, 6),
(92, 'نورستانی', 'نورستانی', '92', NULL, NULL, 6),
(93, 'ازبکی', 'ازبکی', '93', NULL, NULL, 7),
(94, 'بلوچی', 'بلوچی', '94', NULL, NULL, 7),
(95, 'عربی', 'عربی', '95', NULL, NULL, 7),
(96, 'لسان پشتو', 'لسان پشتو', '96', NULL, NULL, 7),
(97, 'لسان دری برای پشتو زبانها', 'لسان دری برای پشتو زبانها', '97', NULL, NULL, 7),
(98, 'ریاضی', 'ریاضی', '98', NULL, NULL, 7),
(99, 'فزیک', 'فزیک', '99', NULL, NULL, 7),
(100, 'کیمیا', 'کیمیا', '100', NULL, NULL, 7),
(101, 'بیالوژی', 'بیالوژی', '101', NULL, NULL, 7),
(102, 'تاریخ', 'تاریخ', '102', NULL, NULL, 7),
(103, 'جغرافیه', 'جغرافیه', '103', NULL, NULL, 7),
(104, 'تعلیمات مدنی', 'تعلیمات مدنی', '104', NULL, NULL, 7),
(105, 'هنر', 'هنر', '105', NULL, NULL, 7),
(106, 'حرفه', 'حرفه', '106', NULL, NULL, 7),
(107, 'وطن دوستی', 'وطن دوستی', '107', NULL, NULL, 7),
(108, 'انگلیسی', 'انگلیسی', '108', NULL, NULL, 7),
(109, 'پشیی', 'پشیی', '109', NULL, NULL, 7),
(110, 'ترکمنی', 'ترکمنی', '110', NULL, NULL, 7),
(111, 'عربی', 'عربی', '111', NULL, NULL, 7),
(112, 'لسان دری', 'لسان دری', '112', NULL, NULL, 7),
(113, 'لسان پشتو برای دری زبانها', 'لسان پشتو برای دری زبانها', '113', NULL, NULL, 7),
(114, 'شغنانی', 'شغنانی', '114', NULL, NULL, 7),
(115, 'کجری', 'کجری', '115', NULL, NULL, 7),
(116, 'نورستانی', 'نورستانی', '116', NULL, NULL, 7),
(117, 'ازبکی', 'ازبکی', '117', NULL, NULL, 8),
(118, 'بلوچی', 'بلوچی', '118', NULL, NULL, 8),
(119, 'عربی', 'عربی', '119', NULL, NULL, 8),
(120, 'لسان پشتو', 'لسان پشتو', '120', NULL, NULL, 8),
(121, 'لسان دری برای پشتو زبانها', 'لسان دری برای پشتو زبانها', '121', NULL, NULL, 8),
(122, 'ریاضی', 'ریاضی', '122', NULL, NULL, 8),
(123, 'فزیک', 'فزیک', '123', NULL, NULL, 8),
(124, 'کیمیا', 'کیمیا', '124', NULL, NULL, 8),
(125, 'بیالوژی', 'بیالوژی', '125', NULL, NULL, 8),
(126, 'تاریخ', 'تاریخ', '126', NULL, NULL, 8),
(127, 'جغرافیه', 'جغرافیه', '127', NULL, NULL, 8),
(128, 'تعلیمات مدنی', 'تعلیمات مدنی', '128', NULL, NULL, 8),
(129, 'هنر', 'هنر', '129', NULL, NULL, 8),
(130, 'حرفه', 'حرفه', '130', NULL, NULL, 8),
(131, 'وطن دوستی', 'وطن دوستی', '131', NULL, NULL, 8),
(132, 'انگلیسی', 'انگلیسی', '132', NULL, NULL, 8),
(133, 'پشیی', 'پشیی', '133', NULL, NULL, 8),
(134, 'ترکمنی', 'ترکمنی', '134', NULL, NULL, 8),
(135, 'عربی', 'عربی', '135', NULL, NULL, 8),
(136, 'لسان دری', 'لسان دری', '136', NULL, NULL, 8),
(137, 'لسان پشتو برای دری زبانها', 'لسان پشتو برای دری زبانها', '137', NULL, NULL, 8),
(138, 'شغنانی', 'شغنانی', '138', NULL, NULL, 8),
(139, 'کجری', 'کجری', '139', NULL, NULL, 8),
(140, 'نورستانی', 'نورستانی', '140', NULL, NULL, 8),
(141, 'ازبکی', 'ازبکی', '141', NULL, NULL, 9),
(142, 'بلوچی', 'بلوچی', '142', NULL, NULL, 9),
(143, 'عربی', 'عربی', '143', NULL, NULL, 9),
(144, 'لسان پشتو', 'لسان پشتو', '144', NULL, NULL, 9),
(145, 'لسان دری برای پشتو زبانها', 'لسان دری برای پشتو زبانها', '145', NULL, NULL, 9),
(146, 'ریاضی', 'ریاضی', '146', NULL, NULL, 9),
(147, 'فزیک', 'فزیک', '147', NULL, NULL, 9),
(148, 'کیمیا', 'کیمیا', '148', NULL, NULL, 9),
(149, 'بیالوژی', 'بیالوژی', '149', NULL, NULL, 9),
(150, 'تاریخ', 'تاریخ', '150', NULL, NULL, 9),
(151, 'جغرافیه', 'جغرافیه', '151', NULL, NULL, 9),
(152, 'تعلیمات مدنی', 'تعلیمات مدنی', '152', NULL, NULL, 9),
(153, 'هنر', 'هنر', '153', NULL, NULL, 9),
(154, 'حرفه', 'حرفه', '154', NULL, NULL, 9),
(155, 'وطن دوستی', 'وطن دوستی', '155', NULL, NULL, 9),
(156, 'انگلیسی', 'انگلیسی', '156', NULL, NULL, 9),
(157, 'پشیی', 'پشیی', '157', NULL, NULL, 9),
(158, 'ترکمنی', 'ترکمنی', '158', NULL, NULL, 9),
(159, 'عربی', 'عربی', '159', NULL, NULL, 9),
(160, 'لسان دری', 'لسان دری', '160', NULL, NULL, 9),
(161, 'لسان پشتو برای دری زبانها', 'لسان پشتو برای دری زبانها', '161', NULL, NULL, 9),
(162, 'شغنانی', 'شغنانی', '162', NULL, NULL, 9),
(163, 'کجری', 'کجری', '163', NULL, NULL, 9),
(164, 'نورستانی', 'نورستانی', '164', NULL, NULL, 9),
(165, 'انگلیسی', 'انگلیسی', '165', NULL, NULL, 10),
(166, 'لسان پشتو', 'لسان پشتو', '166', NULL, NULL, 10),
(167, 'لسان دری برای پشتو زبانها', 'لسان دری برای پشتو زبانها', '167', NULL, NULL, 10),
(168, 'ریاضی', 'ریاضی', '168', NULL, NULL, 10),
(169, 'فزیک', 'فزیک', '169', NULL, NULL, 10),
(170, 'کیمیا', 'کیمیا', '170', NULL, NULL, 10),
(171, 'بیالوژی', 'بیالوژی', '171', NULL, NULL, 10),
(172, 'جیولوژی', 'جیولوژی', '172', NULL, NULL, 10),
(173, 'تاریخ', 'تاریخ', '173', NULL, NULL, 10),
(174, 'جغرافیه', 'جغرافیه', '174', NULL, NULL, 10),
(175, 'تعلیمات مدنی', 'تعلیمات مدنی', '175', NULL, NULL, 10),
(176, 'کمپیوتر', 'کمپیوتر', '176', NULL, NULL, 10),
(177, 'لسان پشتو', 'لسان پشتو', '177', NULL, NULL, 10),
(178, 'لسان دری برای پشتو زبانها', 'لسان دری برای پشتو زبانها', '178', NULL, NULL, 10),
(179, 'تربیت بدنی', 'تربیت بدنی', '179', NULL, NULL, 10),
(180, 'لسان دری', 'لسان دری', '180', NULL, NULL, 10),
(181, 'لسان پشتو برای دری زبانها', 'لسان پشتو برای دری زبانها', '181', NULL, NULL, 10),
(182, 'لسان پشتو', 'لسان پشتو', '182', NULL, NULL, 11),
(183, 'لسان دری برای پشتو زبانها', 'لسان دری برای پشتو زبانها', '183', NULL, NULL, 11),
(184, 'انگلیسی', 'انگلیسی', '184', NULL, NULL, 11),
(185, 'تاریخ', 'تاریخ', '185', NULL, NULL, 11),
(186, 'جغرافیه', 'جغرافیه', '186', NULL, NULL, 11),
(187, 'تعلیمات مدنی', 'تعلیمات مدنی', '187', NULL, NULL, 11),
(188, 'ریاضی', 'ریاضی', '188', NULL, NULL, 11),
(189, 'فزیک', 'فزیک', '189', NULL, NULL, 11),
(190, 'کیمیا', 'کیمیا', '190', NULL, NULL, 11),
(191, 'بیالوژی', 'بیالوژی', '191', NULL, NULL, 11),
(192, 'کمپیوتر', 'کمپیوتر', '192', NULL, NULL, 11),
(193, 'تربیت بدنی', 'تربیت بدنی', '193', NULL, NULL, 11),
(194, 'لسان دری', 'لسان دری', '194', NULL, NULL, 11),
(195, 'لسان پشتو برای دری زبانها', 'لسان پشتو برای دری زبانها', '195', NULL, NULL, 11),
(196, 'لسان پشتو', 'لسان پشتو', '196', NULL, NULL, 12),
(197, 'لسان دری برای پشتو زبانها', 'لسان دری برای پشتو زبانها', '197', NULL, NULL, 12),
(198, 'انگلیسی', 'انگلیسی', '198', NULL, NULL, 12),
(199, 'تاریخ', 'تاریخ', '199', NULL, NULL, 12),
(200, 'جغرافیه', 'جغرافیه', '200', NULL, NULL, 12),
(201, 'تعلیمات مدنی', 'تعلیمات مدنی', '201', NULL, NULL, 12),
(202, 'ریاضی', 'ریاضی', '202', NULL, NULL, 12),
(203, 'فزیک', 'فزیک', '203', NULL, NULL, 12),
(204, 'کیمیا', 'کیمیا', '204', NULL, NULL, 12),
(205, 'بیالوژی', 'بیالوژی', '205', NULL, NULL, 12),
(206, 'کمپیوتر', 'کمپیوتر', '206', NULL, NULL, 12),
(207, 'تربیت بدنی', 'تربیت بدنی', '207', NULL, NULL, 12),
(208, 'لسان دری', 'لسان دری', '208', NULL, NULL, 12),
(209, 'لسان پشتو برای دری زبانها', 'لسان پشتو برای دری زبانها', '209', NULL, NULL, 12),
(210, 'کتاب مشق - دری', 'کتاب مشق - دری', '3', NULL, NULL, 1),
(211, 'د مشق او تمرين کتاب - پښتو', 'د مشق او تمرين کتاب - پښتو', '3', NULL, NULL, 1),
(212, 'د ښوونکي لارښود - پښتو', 'د ښوونکي لارښود - پښتو', '3', NULL, NULL, 1),
(213, 'د دوامدارې ارزونې کتاب - پښتو', 'د دوامدارې ارزونې کتاب - پښتو', '3', NULL, NULL, 1),
(214, 'کتاب رهنمای معلم - دری', 'کتاب رهنمای معلم - دری', '3', NULL, NULL, 1),
(215, 'کتاب ارزیابی متداوم - دری', 'کتاب ارزیابی متداوم - دری', '3', NULL, NULL, 1),
(216, 'کتاب مشق - دری', 'کتاب مشق - دری', '3', NULL, NULL, 2),
(217, 'د مشق او تمرين کتاب - پښتو', 'د مشق او تمرين کتاب - پښتو', '3', NULL, NULL, 2),
(218, 'د ښوونکي لارښود - پښتو', 'د ښوونکي لارښود - پښتو', '3', NULL, NULL, 2),
(219, 'د دوامدارې ارزونې کتاب - پښتو', 'د دوامدارې ارزونې کتاب - پښتو', '3', NULL, NULL, 2),
(220, 'کتاب رهنمای معلم - دری', 'کتاب رهنمای معلم - دری', '3', NULL, NULL, 2),
(221, 'کتاب ارزیابی متداوم - دری', 'کتاب ارزیابی متداوم - دری', '3', NULL, NULL, 2),
(222, 'کتاب مشق - دری', 'کتاب مشق - دری', '3', NULL, NULL, 3),
(223, 'د مشق او تمرين کتاب - پښتو', 'د مشق او تمرين کتاب - پښتو', '3', NULL, NULL, 3),
(224, 'د ښوونکي لارښود - پښتو', 'د ښوونکي لارښود - پښتو', '3', NULL, NULL, 3),
(225, 'د دوامدارې ارزونې کتاب - پښتو', 'د دوامدارې ارزونې کتاب - پښتو', '3', NULL, NULL, 3),
(226, 'کتاب رهنمای معلم - دری', 'کتاب رهنمای معلم - دری', '3', NULL, NULL, 3),
(227, 'کتاب ارزیابی متداوم - دری', 'کتاب ارزیابی متداوم - دری', '3', NULL, NULL, 3);

-- --------------------------------------------------------

--
-- Table structure for table `book_dis_nodes`
--

CREATE TABLE `book_dis_nodes` (
  `id` int(10) UNSIGNED NOT NULL,
  `title` varchar(255) COLLATE utf8_unicode_ci NOT NULL,
  `description` varchar(255) COLLATE utf8_unicode_ci NOT NULL,
  `code` varchar(255) COLLATE utf8_unicode_ci NOT NULL,
  `parent_id` int(10) UNSIGNED DEFAULT NULL,
  `level_id` int(10) UNSIGNED DEFAULT NULL,
  `province` int(10) UNSIGNED DEFAULT NULL,
  `district` int(10) UNSIGNED DEFAULT NULL,
  `user_id` int(10) UNSIGNED DEFAULT NULL,
  `created_at` timestamp NULL DEFAULT NULL,
  `updated_at` timestamp NULL DEFAULT NULL
) ENGINE=InnoDB DEFAULT CHARSET=utf8 COLLATE=utf8_unicode_ci;

--
-- Dumping data for table `book_dis_nodes`
--

INSERT INTO `book_dis_nodes` (`id`, `title`, `description`, `code`, `parent_id`, `level_id`, `province`, `district`, `user_id`, `created_at`, `updated_at`) VALUES
(10, 'Central MOE office', 'Central MOE office', '1', NULL, 11, 1, 4, 1, '2018-04-12 10:33:51', '2018-04-12 10:33:51'),
(11, 'Herat', 'Herat ', '2', 10, 13, 2, 31, 1, '2018-04-12 10:34:46', '2018-04-12 10:34:46'),
(12, 'Parwan', 'Parwan', '3', 10, 13, 3, 40, 1, '2018-02-18 10:18:41', '2018-02-18 10:18:41'),
(13, 'Wardak', 'Wardak', '4', 10, 13, 4, 41, 1, '2018-02-18 10:18:41', '2018-02-18 10:18:41'),
(14, 'Logar', 'Logar', '5', 10, 13, 5, 375, 1, '2018-02-18 10:18:41', '2018-02-18 10:18:41'),
(15, 'Ghazni', 'Ghazni', '6', 10, 13, 6, 57, 1, '2018-02-18 10:18:41', '2018-02-18 10:18:41'),
(16, 'Paktia', 'Paktia', '7', 10, 13, 7, 75, 1, '2018-02-18 10:18:41', '2018-02-18 10:18:41'),
(17, 'Nangarhar', 'Nangarhar', '8', 10, 13, 8, 86, 1, '2018-02-18 10:18:41', '2018-02-18 10:18:41'),
(18, 'Laghman', 'Laghman', '9', 10, 13, 9, 107, 1, '2018-02-18 10:18:41', '2018-02-18 10:18:41'),
(19, 'Kunar', 'Kunar', '10', 10, 13, 10, 112, 1, '2018-02-18 10:18:41', '2018-02-18 10:18:41'),
(20, 'Badakhshan', 'Badakhshan', '11', 10, 13, 11, 126, 1, '2018-02-18 10:18:41', '2018-02-18 10:18:41'),
(21, 'Takhar', 'Takhar', '12', 10, 13, 12, 154, 1, '2018-02-18 10:18:41', '2018-02-18 10:18:41'),
(22, 'Baghlan', 'Baghlan', '13', 10, 13, 13, 171, 1, '2018-02-18 10:18:41', '2018-02-18 10:18:41'),
(23, 'Kunduz', 'Kunduz', '14', 10, 13, 14, 186, 1, '2018-02-18 10:18:41', '2018-02-18 10:18:41'),
(24, 'Samangan', 'Samangan', '15', 10, 13, 15, 193, 1, '2018-02-18 10:18:41', '2018-02-18 10:18:41'),
(25, 'Balkh', 'Balkh', '16', 10, 13, 16, 200, 1, '2018-02-18 10:18:41', '2018-02-18 10:18:41'),
(26, 'Jawzjan', 'Jawzjan', '17', 10, 13, 17, 216, 1, '2018-02-18 10:18:41', '2018-02-18 10:18:41'),
(27, 'Faryab', 'Faryab', '18', 10, 13, 18, 242, 1, '2018-02-18 10:18:41', '2018-02-18 10:18:41'),
(28, 'Badghis', 'Badghis', '19', 10, 13, 19, 243, 1, '2018-02-18 10:18:41', '2018-02-18 10:18:41'),
(29, 'Farah', 'Farah', '20', 10, 13, 20, 249, 1, '2018-02-18 10:18:41', '2018-02-18 10:18:41'),
(30, 'Nimroz', 'Nimroz', '21', 10, 13, 21, 257, 1, '2018-02-18 10:18:41', '2018-02-18 10:18:41'),
(31, 'Hilmand', 'Hilmand', '22', 10, 13, 22, 262, 1, '2018-02-18 10:18:41', '2018-02-18 10:18:41'),
(32, 'Kandahar', 'Kandahar', '23', 10, 13, 23, 274, 1, '2018-02-18 10:18:41', '2018-02-18 10:18:41'),
(33, 'Zabul', 'Zabul', '24', 10, 13, 24, 289, 1, '2018-02-18 10:18:41', '2018-02-18 10:18:41'),
(34, 'Uruzgan', 'Uruzgan', '25', 10, 13, 25, 376, 1, '2018-02-18 10:18:41', '2018-02-18 10:18:41'),
(35, 'Ghor', 'Ghor', '26', 10, 13, 26, 305, 1, '2018-02-18 10:18:41', '2018-02-18 10:18:41'),
(36, 'Bamyan', 'Bamyan', '27', 10, 13, 27, 315, 1, '2018-02-18 10:18:41', '2018-02-18 10:18:41'),
(37, 'Paktika', 'Paktika', '28', 10, 13, 28, 322, 1, '2018-02-18 10:18:41', '2018-02-18 10:18:41'),
(38, 'Nuristan', 'Nuristan', '29', 10, 13, 29, 326, 1, '2018-02-18 10:18:41', '2018-02-18 10:18:41'),
(39, 'Sar i Pul', 'Sar i Pul', '30', 10, 13, 30, 334, 1, '2018-02-18 10:18:41', '2018-02-18 10:18:41'),
(40, 'Khost', 'Khost', '31', 10, 13, 31, 342, 1, '2018-02-18 10:18:41', '2018-02-18 10:18:41'),
(41, 'Panjshir', 'Panjshir', '32', 10, 13, 32, 353, 1, '2018-02-18 10:18:41', '2018-02-18 10:18:41'),
(42, 'Daikundi', 'Daikundi', '33', 10, 13, 33, 360, 1, '2018-02-18 10:18:41', '2018-02-18 10:18:41'),
(43, 'Kapisa', 'Kapisa', '34', 10, 13, 34, 369, 1, '2018-02-18 10:18:41', '2018-02-18 10:18:41'),
(44, 'Adreskan', 'Adreskan', '2_1', 11, 14, 2, 16, 1, '2018-04-12 10:36:20', '2018-04-12 10:36:20'),
(45, 'Injil', 'Injil', '2_2', 11, 14, 2, 17, 1, '2018-04-12 10:36:20', '2018-04-12 10:36:20'),
(46, 'Oba', 'Oba', '2_3', 11, 14, 2, 18, 1, '2018-04-12 10:36:20', '2018-04-12 10:36:20'),
(47, 'Pashtoon Zarghoon', 'Pashtoon Zarghoon', '2_4', 11, 14, 2, 19, 1, '2018-04-12 10:36:20', '2018-04-12 10:36:20'),
(48, 'Chesht i Sharif', 'Chesht i Sharif', '2_5', 11, 14, 2, 20, 1, '2018-04-12 10:36:20', '2018-04-12 10:36:20'),
(49, 'Zenda Jan', 'Zenda Jan', '2_6', 11, 14, 2, 21, 1, '2018-04-12 10:36:20', '2018-04-12 10:36:20'),
(50, 'Shindand', 'Shindand', '2_7', 11, 14, 2, 22, 1, '2018-04-12 10:36:20', '2018-04-12 10:36:20'),
(51, 'Ghoreyan', 'Ghoreyan', '2_8', 11, 14, 2, 23, 1, '2018-04-12 10:36:20', '2018-04-12 10:36:20'),
(52, 'Farsi', 'Farsi', '2_9', 11, 14, 2, 24, 1, '2018-04-12 10:36:20', '2018-04-12 10:36:20'),
(53, 'Kurkh', 'Kurkh', '2_10', 11, 14, 2, 25, 1, '2018-04-12 10:36:20', '2018-04-12 10:36:20'),
(54, 'Kushk', 'Kushk Rabat Sangi', '2_11', 11, 14, 2, 26, 1, '2018-04-12 10:36:20', '2018-04-12 10:36:20'),
(55, 'Kushk i Kuhna', 'Kushk i Kuhna', '2_12', 11, 14, 2, 27, 1, '2018-04-12 10:36:20', '2018-04-12 10:36:20'),
(56, 'Kuhsan', 'Kuhsan', '2_13', 11, 14, 2, 28, 1, '2018-04-12 10:36:20', '2018-04-12 10:36:20'),
(57, 'Guzara', 'Guzara', '2_14', 11, 14, 2, 29, 1, '2018-04-12 10:36:20', '2018-04-12 10:36:20'),
(58, 'Gulran', 'Gulran', '2_15', 11, 14, 2, 30, 1, '2018-04-12 10:36:20', '2018-04-12 10:36:20'),
(59, 'Koh i Safi', 'Kohi Safi', '3_1', 12, 14, 3, 32, 1, '2018-04-12 10:36:20', '2018-04-12 10:36:20'),
(60, 'Bagram', 'Bagram', '3_2', 12, 14, 3, 33, 1, '2018-04-12 10:36:20', '2018-04-12 10:36:20'),
(61, 'Jabal u Saraj', 'Jabal u Saraj', '3_3', 12, 14, 3, 34, 1, '2018-04-12 10:36:20', '2018-04-12 10:36:20'),
(62, 'Salang', 'Salang', '3_4', 12, 14, 3, 35, 1, '2018-04-12 10:36:20', '2018-04-12 10:36:20'),
(63, 'Ghorband', 'Ghorband', '3_5', 12, 14, 3, 36, 1, '2018-04-12 10:36:20', '2018-04-12 10:36:20'),
(64, 'Surkh Parsa', 'Surkh Parsa', '3_6', 12, 14, 3, 37, 1, '2018-04-12 10:36:20', '2018-04-12 10:36:20'),
(65, 'Shikh Ali', 'Shikh Ali', '3_7', 12, 14, 3, 38, 1, '2018-04-12 10:36:20', '2018-04-12 10:36:20'),
(66, 'Shinwari', 'Shinwari', '3_8', 12, 14, 3, 39, 1, '2018-04-12 10:36:20', '2018-04-12 10:36:20'),
(67, 'Hisa i Awal i Behsud', 'Hisa i Awal i Behsud', '4_1', 13, 14, 4, 42, 1, '2018-04-12 10:36:20', '2018-04-12 10:36:20'),
(68, 'Sayed Abad', 'Sayed Abad', '4_2', 13, 14, 4, 43, 1, '2018-04-12 10:36:20', '2018-04-12 10:36:20'),
(69, 'Nirkh', 'Nirkh', '4_3', 13, 14, 4, 44, 1, '2018-04-12 10:36:20', '2018-04-12 10:36:20'),
(70, 'Jaghato', 'Jaghato', '4_4', 13, 14, 4, 45, 1, '2018-04-12 10:36:20', '2018-04-12 10:36:20'),
(71, 'Dai Mirdad', 'Dai Mirdad', '4_5', 13, 14, 4, 46, 1, '2018-04-12 10:36:20', '2018-04-12 10:36:20'),
(72, 'Markaz Behsood', 'Markaz Behsood', '4_6', 13, 14, 4, 47, 1, '2018-04-12 10:36:20', '2018-04-12 10:36:20'),
(73, 'Jalreez', 'Jalreez', '4_7', 13, 14, 4, 48, 1, '2018-04-12 10:36:20', '2018-04-12 10:36:20'),
(74, 'Chak', 'Chak', '4_8', 13, 14, 4, 49, 1, '2018-04-12 10:36:20', '2018-04-12 10:36:20'),
(75, 'Mohammad Agha', 'Mohammad Agha', '5_1', 14, 14, 5, 51, 1, '2018-04-12 10:36:20', '2018-04-12 10:36:20'),
(76, 'Charkh', 'Charkh', '5_2', 14, 14, 5, 52, 1, '2018-04-12 10:36:20', '2018-04-12 10:36:20'),
(77, 'Azra', 'Azra', '5_3', 14, 14, 5, 53, 1, '2018-04-12 10:36:20', '2018-04-12 10:36:20'),
(78, 'Khoshi', 'Khoshi', '5_4', 14, 14, 5, 54, 1, '2018-04-12 10:36:20', '2018-04-12 10:36:20'),
(79, 'Kharwar', 'Kharwar', '5_5', 14, 14, 5, 55, 1, '2018-04-12 10:36:20', '2018-04-12 10:36:20'),
(80, 'Barkai Barak', 'Barkai Barak', '5_6', 14, 14, 5, 56, 1, '2018-04-12 10:36:20', '2018-04-12 10:36:20'),
(81, 'Jaghori', 'Jaghori', '6_1', 15, 14, 6, 58, 1, '2018-04-12 10:36:20', '2018-04-12 10:36:20'),
(82, 'Qara Bagh', 'Qara Bagh', '6_2', 15, 14, 6, 59, 1, '2018-04-12 10:36:20', '2018-04-12 10:36:20'),
(83, 'Malistan', 'Malistan', '6_3', 15, 14, 6, 60, 1, '2018-04-12 10:36:20', '2018-04-12 10:36:20'),
(84, 'Andar', 'Andar', '6_4', 15, 14, 6, 61, 1, '2018-04-12 10:36:20', '2018-04-12 10:36:20'),
(85, 'Jaghato', 'Jaghato', '6_5', 15, 14, 6, 62, 1, '2018-04-12 10:36:20', '2018-04-12 10:36:20'),
(86, 'Khawaja Umari', 'Khawaja Umari', '6_6', 15, 14, 6, 63, 1, '2018-04-12 10:36:20', '2018-04-12 10:36:20'),
(87, 'Deh Yak', 'Deh Yak', '6_7', 15, 14, 6, 64, 1, '2018-04-12 10:36:20', '2018-04-12 10:36:20'),
(88, 'Zana Khan', 'Zana Khan', '6_8', 15, 14, 6, 65, 1, '2018-04-12 10:36:20', '2018-04-12 10:36:20'),
(89, 'Giro', 'Giro', '6_9', 15, 14, 6, 66, 1, '2018-04-12 10:36:20', '2018-04-12 10:36:20'),
(90, 'Laja Ahmad Khail', 'Laja Ahmad Khail', '7_1', 16, 14, 7, 76, 1, '2018-04-12 10:36:20', '2018-04-12 10:36:20'),
(91, 'Jaji', 'Jaji', '7_2', 16, 14, 7, 77, 1, '2018-04-12 10:36:20', '2018-04-12 10:36:20'),
(92, 'Jani Khail', 'Jani Khail', '7_3', 16, 14, 7, 78, 1, '2018-04-12 10:36:20', '2018-04-12 10:36:20'),
(93, 'Samkani', 'Samkani', '7_4', 16, 14, 7, 79, 1, '2018-04-12 10:36:20', '2018-04-12 10:36:20'),
(94, 'Wazi Zadran', 'Wazi Zadran', '7_5', 16, 14, 7, 80, 1, '2018-04-12 10:36:20', '2018-04-12 10:36:20'),
(95, 'Dand Pattan', 'Dand Pattan', '7_6', 16, 14, 7, 81, 1, '2018-04-12 10:36:20', '2018-04-12 10:36:20'),
(96, 'Zurmat', 'Zurmat', '7_7', 16, 14, 7, 82, 1, '2018-04-12 10:36:20', '2018-04-12 10:36:20'),
(97, 'Sayed Karam', 'Sayed Karam', '7_8', 16, 14, 7, 83, 1, '2018-04-12 10:36:20', '2018-04-12 10:36:20'),
(98, 'Shawak', 'Shawak', '7_9', 16, 14, 7, 84, 1, '2018-04-12 10:36:20', '2018-04-12 10:36:20'),
(99, 'Road Ahmad Abad', 'Road Ahmad Abad', '7_10', 16, 14, 7, 85, 1, '2018-04-12 10:36:20', '2018-04-12 10:36:20'),
(100, 'Achin', 'Achin', '8_1', 17, 14, 8, 87, 1, '2018-04-12 10:36:20', '2018-04-12 10:36:20'),
(101, 'Bati Kot', 'Bati Kot', '8_2', 17, 14, 8, 88, 1, '2018-04-12 10:36:20', '2018-04-12 10:36:20'),
(102, 'Behsud', 'Behsud', '8_3', 17, 14, 8, 89, 1, '2018-04-12 10:36:20', '2018-04-12 10:36:20'),
(103, 'Dara i Noor', 'Dara i Noor', '8_4', 17, 14, 8, 90, 1, '2018-04-12 10:36:20', '2018-04-12 10:36:20'),
(104, 'Deh Bala', 'Deh Bala', '8_5', 17, 14, 8, 91, 1, '2018-04-12 10:36:20', '2018-04-12 10:36:20'),
(105, 'Door Baba', 'Door Baba', '8_6', 17, 14, 8, 92, 1, '2018-04-12 10:36:20', '2018-04-12 10:36:20'),
(106, 'Ghani Khail', 'Ghani Khail', '8_7', 17, 14, 8, 93, 1, '2018-04-12 10:36:20', '2018-04-12 10:36:20'),
(107, 'Goshta', 'Goshta', '8_8', 17, 14, 8, 94, 1, '2018-04-12 10:36:20', '2018-04-12 10:36:20'),
(108, 'Hisarak', 'Hisarak', '8_9', 17, 14, 8, 95, 1, '2018-04-12 10:36:20', '2018-04-12 10:36:20'),
(109, 'Kama', 'Kama', '8_10', 17, 14, 8, 96, 1, '2018-04-12 10:36:20', '2018-04-12 10:36:20'),
(110, 'Kuz Kunar', 'Kuz Kunar', '8_11', 17, 14, 8, 97, 1, '2018-04-12 10:36:20', '2018-04-12 10:36:20'),
(111, 'Khogyani', 'Khogyani', '8_12', 17, 14, 8, 98, 1, '2018-04-12 10:36:20', '2018-04-12 10:36:20'),
(112, 'Kot', 'Kot', '8_13', 17, 14, 8, 99, 1, '2018-04-12 10:36:20', '2018-04-12 10:36:20'),
(113, 'Lal Pur', 'Lal Pur', '8_14', 17, 14, 8, 100, 1, '2018-04-12 10:36:20', '2018-04-12 10:36:20'),
(114, 'Mohmand Dara', 'Mohmand Dara', '8_15', 17, 14, 8, 101, 1, '2018-04-12 10:36:20', '2018-04-12 10:36:20'),
(115, 'Naziyan', 'Naziyan', '8_16', 17, 14, 8, 102, 1, '2018-04-12 10:36:20', '2018-04-12 10:36:20'),
(116, 'Pachir wa Agam', 'Pachir wa Agam', '8_17', 17, 14, 8, 103, 1, '2018-04-12 10:36:20', '2018-04-12 10:36:20'),
(117, 'Rudat', 'Rudat', '8_18', 17, 14, 8, 104, 1, '2018-04-12 10:36:20', '2018-04-12 10:36:20'),
(118, 'Shirzad', 'Shirzad', '8_19', 17, 14, 8, 105, 1, '2018-04-12 10:36:20', '2018-04-12 10:36:20'),
(119, 'Surkhrud', 'Surkhrud', '8_20', 17, 14, 8, 106, 1, '2018-04-12 10:36:20', '2018-04-12 10:36:20'),
(120, 'Alinigar', 'Alinigar', '9_1', 18, 14, 9, 108, 1, '2018-04-12 10:36:20', '2018-04-12 10:36:20'),
(121, 'Alishing', 'Alishing', '9_2', 18, 14, 9, 109, 1, '2018-04-12 10:36:20', '2018-04-12 10:36:20'),
(122, 'Dawlat Shah', 'Dawlat Shah', '9_3', 18, 14, 9, 110, 1, '2018-04-12 10:36:20', '2018-04-12 10:36:20'),
(123, 'Qarghayee', 'Qarghayee', '9_4', 18, 14, 9, 111, 1, '2018-04-12 10:36:20', '2018-04-12 10:36:20'),
(124, 'Asmar', 'Asmar', '10_1', 19, 14, 10, 113, 1, '2018-04-12 10:36:20', '2018-04-12 10:36:20'),
(125, 'Chapa Dara', 'Chapa Dara', '10_2', 19, 14, 10, 114, 1, '2018-04-12 10:36:20', '2018-04-12 10:36:20'),
(126, 'Sawkai', 'Sawkai', '10_3', 19, 14, 10, 115, 1, '2018-04-12 10:36:20', '2018-04-12 10:36:20'),
(127, 'Dangam', 'Dangam', '10_4', 19, 14, 10, 116, 1, '2018-04-12 10:36:20', '2018-04-12 10:36:20'),
(128, 'Dara i Paich', 'Dara i Paich', '10_5', 19, 14, 10, 117, 1, '2018-04-12 10:36:20', '2018-04-12 10:36:20'),
(129, 'Khas Kunar', 'Khas Kunar', '10_6', 19, 14, 10, 118, 1, '2018-04-12 10:36:20', '2018-04-12 10:36:20'),
(130, 'Marawara', 'Marawara', '10_7', 19, 14, 10, 119, 1, '2018-04-12 10:36:20', '2018-04-12 10:36:20'),
(131, 'Nari', 'Nari', '10_8', 19, 14, 10, 120, 1, '2018-04-12 10:36:20', '2018-04-12 10:36:20'),
(132, 'Wata Purta', 'Wata Purta', '10_9', 19, 14, 10, 121, 1, '2018-04-12 10:36:20', '2018-04-12 10:36:20'),
(133, 'Narang', 'Narang', '10_10', 19, 14, 10, 125, 1, '2018-04-12 10:36:20', '2018-04-12 10:36:20'),
(134, 'Argo', 'Argo', '11_1', 20, 14, 11, 127, 1, '2018-04-12 10:36:20', '2018-04-12 10:36:20'),
(135, 'Ishkashim', 'Ishkashim', '11_3', 20, 14, 11, 128, 1, '2018-04-12 10:36:20', '2018-04-12 10:36:20'),
(136, 'Baharak', 'Baharak', '11_4', 20, 14, 11, 129, 1, '2018-04-12 10:36:20', '2018-04-12 10:36:20'),
(137, 'Drayem', 'Drayem', '11_5', 20, 14, 11, 130, 1, '2018-04-12 10:36:20', '2018-04-12 10:36:20'),
(138, 'Darwaz i Bala', 'Darwaz i Bala', '11_6', 20, 14, 11, 131, 1, '2018-04-12 10:36:20', '2018-04-12 10:36:20'),
(139, 'Jurm', 'Jurm', '11_7', 20, 14, 11, 133, 1, '2018-04-12 10:36:20', '2018-04-12 10:36:20'),
(140, 'Kiran wa Munjan', 'Kiran wa Munjan', '11_8', 20, 14, 11, 134, 1, '2018-04-12 10:36:20', '2018-04-12 10:36:20'),
(141, 'Kishm', 'Kishm', '11_9', 20, 14, 11, 135, 1, '2018-04-12 10:36:20', '2018-04-12 10:36:20'),
(142, 'Khash', 'Khash', '11_10', 20, 14, 11, 136, 1, '2018-04-12 10:36:20', '2018-04-12 10:36:20'),
(143, 'Khawahan', 'Khawahan', '11_11', 20, 14, 11, 137, 1, '2018-04-12 10:36:20', '2018-04-12 10:36:20'),
(144, 'Kohistan', 'Kohistan', '11_12', 20, 14, 11, 138, 1, '2018-04-12 10:36:20', '2018-04-12 10:36:20'),
(145, 'Kof Ab', 'Kof Ab', '11_13', 20, 14, 11, 139, 1, '2018-04-12 10:36:20', '2018-04-12 10:36:20'),
(146, 'Raghistan', 'Raghistan', '11_14', 20, 14, 11, 140, 1, '2018-04-12 10:36:20', '2018-04-12 10:36:20'),
(147, 'Shahr i Buzurg', 'Shahr i Buzurg', '11_15', 20, 14, 11, 141, 1, '2018-04-12 10:36:20', '2018-04-12 10:36:20'),
(148, 'Sheki', 'Sheki', '11_16', 20, 14, 11, 142, 1, '2018-04-12 10:36:20', '2018-04-12 10:36:20'),
(149, 'Shighnan', 'Shighnan', '11_17', 20, 14, 11, 143, 1, '2018-04-12 10:36:20', '2018-04-12 10:36:20'),
(150, 'Shuhada', 'Shuhada', '11_18', 20, 14, 11, 144, 1, '2018-04-12 10:36:20', '2018-04-12 10:36:20'),
(151, 'Tagab', 'Tagab', '11_19', 20, 14, 11, 145, 1, '2018-04-12 10:36:20', '2018-04-12 10:36:20'),
(152, 'Tashkan', 'Tashkan', '11_20', 20, 14, 11, 146, 1, '2018-04-12 10:36:20', '2018-04-12 10:36:20'),
(153, 'Wakhan', 'Wakhan', '11_21', 20, 14, 11, 147, 1, '2018-04-12 10:36:20', '2018-04-12 10:36:20'),
(154, 'Wardoj', 'Wardoj', '11_22', 20, 14, 11, 148, 1, '2018-04-12 10:36:20', '2018-04-12 10:36:20'),
(155, 'Yaftal', 'Yaftal', '11_23', 20, 14, 11, 149, 1, '2018-04-12 10:36:20', '2018-04-12 10:36:20'),
(156, 'Yamgan', 'Yamgan', '11_24', 20, 14, 11, 150, 1, '2018-04-12 10:36:20', '2018-04-12 10:36:20'),
(157, 'Yawan', 'Yawan', '11_25', 20, 14, 11, 151, 1, '2018-04-12 10:36:20', '2018-04-12 10:36:20'),
(158, 'Zebak', 'Zebak', '11_26', 20, 14, 11, 152, 1, '2018-04-12 10:36:20', '2018-04-12 10:36:20'),
(159, 'Arghang Khwah', 'Arghang Khwah', '11_27', 20, 14, 11, 153, 1, '2018-04-12 10:36:20', '2018-04-12 10:36:20'),
(160, 'Bangi', 'Bangi', '12_1', 21, 14, 12, 155, 1, '2018-04-12 10:36:20', '2018-04-12 10:36:20'),
(161, 'Chal', 'Chal', '12_2', 21, 14, 12, 156, 1, '2018-04-12 10:36:20', '2018-04-12 10:36:20'),
(162, 'Chah i Ab', 'Chah i Ab', '12_3', 21, 14, 12, 157, 1, '2018-04-12 10:36:20', '2018-04-12 10:36:20'),
(163, 'Dar Qad', 'Dar Qad', '12_4', 21, 14, 12, 158, 1, '2018-04-12 10:36:20', '2018-04-12 10:36:20'),
(164, 'Dasht Qala', 'Dasht Qala', '12_5', 21, 14, 12, 159, 1, '2018-04-12 10:36:20', '2018-04-12 10:36:20'),
(165, 'Farkhar', 'Farkhar', '12_6', 21, 14, 12, 160, 1, '2018-04-12 10:36:20', '2018-04-12 10:36:20'),
(166, 'Kalafgan', 'Kalafgan', '12_7', 21, 14, 12, 162, 1, '2018-04-12 10:36:20', '2018-04-12 10:36:20'),
(167, 'Khwaja Bahawoddin', 'Khwaja Bahawoddin', '12_8', 21, 14, 12, 163, 1, '2018-04-12 10:36:20', '2018-04-12 10:36:20'),
(168, 'Khwaja Ghar', 'Khwaja Ghar', '12_9', 21, 14, 12, 164, 1, '2018-04-12 10:36:20', '2018-04-12 10:36:20'),
(169, 'Namak Ab', 'Namak Ab', '12_10', 21, 14, 12, 165, 1, '2018-04-12 10:36:20', '2018-04-12 10:36:20'),
(180, 'Rustaq', 'Rustaq', '12_11', 21, 14, 12, 166, 1, '2018-04-12 10:36:20', '2018-04-12 10:36:20'),
(181, 'Warsaj', 'Warsaj', '12_12', 21, 14, 12, 167, 1, '2018-04-12 10:36:20', '2018-04-12 10:36:20'),
(182, 'Yangi Qala', 'Yangi Qala', '12_13', 21, 14, 12, 168, 1, '2018-04-12 10:36:20', '2018-04-12 10:36:20'),
(183, 'Ishkamish', 'Ishkamish', '12_14', 21, 14, 12, 169, 1, '2018-04-12 10:36:20', '2018-04-12 10:36:20'),
(184, 'Baharak', 'Baharak', '12_15', 21, 14, 12, 170, 1, '2018-04-12 10:36:20', '2018-04-12 10:36:20'),
(185, 'Andarab', 'Andarab', '13_1', 22, 14, 13, 171, 1, '2018-04-12 10:36:20', '2018-04-12 10:36:20'),
(186, 'Baghlan i Jadid', 'Baghlan i Jadid', '13_2', 22, 14, 13, 172, 1, '2018-04-12 10:36:20', '2018-04-12 10:36:20'),
(187, 'Booraka', 'Booraka', '13_3', 22, 14, 13, 173, 1, '2018-04-12 10:36:20', '2018-04-12 10:36:20'),
(188, 'Dahana i Ghori', 'Dahana i Ghori', '13_4', 22, 14, 13, 174, 1, '2018-04-12 10:36:20', '2018-04-12 10:36:20'),
(189, 'Deh Salah', 'Deh Salah', '13_5', 22, 14, 13, 175, 1, '2018-04-12 10:36:20', '2018-04-12 10:36:20'),
(190, 'Doshi', 'Doshi', '13_6', 22, 14, 13, 176, 1, '2018-04-12 10:36:20', '2018-04-12 10:36:20'),
(191, 'Fereng', 'Fereng', '13_7', 22, 14, 13, 177, 1, '2018-04-12 10:36:20', '2018-04-12 10:36:20'),
(192, 'Guzargah i Noor', 'Guzargah i Noor', '13_8', 22, 14, 13, 178, 1, '2018-04-12 10:36:20', '2018-04-12 10:36:20'),
(193, 'Khinjan', 'Khinjan', '13_9', 22, 14, 13, 179, 1, '2018-04-12 10:36:20', '2018-04-12 10:36:20'),
(194, 'Khost', 'Khost', '13_10', 22, 14, 13, 180, 1, '2018-04-12 10:36:20', '2018-04-12 10:36:20'),
(195, 'Khwaja Hijran', 'Khwaja Hijran', '13_11', 22, 14, 13, 181, 1, '2018-04-12 10:36:20', '2018-04-12 10:36:20'),
(196, 'Nahreen', 'Nahreen', '13_12', 22, 14, 13, 182, 1, '2018-04-12 10:36:20', '2018-04-12 10:36:20'),
(197, 'Pul i Hisar', 'Pul i Hisar', '13_13', 22, 14, 13, 183, 1, '2018-04-12 10:36:20', '2018-04-12 10:36:20'),
(198, 'Tala wa Barfak', 'Tala wa Barfak', '13_14', 22, 14, 13, 184, 1, '2018-04-12 10:36:20', '2018-04-12 10:36:20'),
(199, 'Ali Abad', 'Ali Abad', '14_1', 23, 14, 14, 187, 1, '2018-04-12 10:36:20', '2018-04-12 10:36:20'),
(200, 'Chahar Dara', 'Chahar Dara', '14_2', 23, 14, 14, 188, 1, '2018-04-12 10:36:20', '2018-04-12 10:36:20'),
(201, 'Dasht Archi', 'Dasht Archi', '14_3', 23, 14, 14, 189, 1, '2018-04-12 10:36:20', '2018-04-12 10:36:20'),
(202, 'Imam Sahib', 'Imam Sahib', '14_4', 23, 14, 14, 190, 1, '2018-04-12 10:36:20', '2018-04-12 10:36:20'),
(203, 'Khan Abad', 'Khan Abad', '14_5', 23, 14, 14, 191, 1, '2018-04-12 10:36:20', '2018-04-12 10:36:20'),
(204, 'Qala i Zal', 'Qala i Zal', '14_6', 23, 14, 14, 192, 1, '2018-04-12 10:36:20', '2018-04-12 10:36:20'),
(205, 'Dara i Suf i Payan', 'Dara i Suf i Payan', '15_1', 24, 14, 15, 194, 1, '2018-04-12 10:36:20', '2018-04-12 10:36:20'),
(206, 'Dara i Suf Bala', 'Dara i Suf Bala', '15_2', 24, 14, 15, 195, 1, '2018-04-12 10:36:20', '2018-04-12 10:36:20'),
(207, 'Hazrat Sultan', 'Hazrat Sultan', '15_3', 24, 14, 15, 196, 1, '2018-04-12 10:36:20', '2018-04-12 10:36:20'),
(208, 'Feeroz Nakhcheer', 'Feeroz Nakhcheer', '15_4', 24, 14, 15, 197, 1, '2018-04-12 10:36:20', '2018-04-12 10:36:20'),
(209, 'Roy do Ab', 'Roy do Ab', '15_5', 24, 14, 15, 198, 1, '2018-04-12 10:36:20', '2018-04-12 10:36:20'),
(210, 'Khuram wa Sarbagh', 'Khuram wa Sarbagh', '15_6', 24, 14, 15, 199, 1, '2018-04-12 10:36:20', '2018-04-12 10:36:20'),
(211, 'Nahri Shahi', 'Nahri Shahi', '16_1', 25, 14, 16, 201, 1, '2018-04-12 10:36:20', '2018-04-12 10:36:20'),
(212, 'Deh Dadi', 'Deh Dadi', '16_2', 25, 14, 16, 202, 1, '2018-04-12 10:36:20', '2018-04-12 10:36:20'),
(213, 'Kaldar', 'Kaldar', '16_3', 25, 14, 16, 203, 1, '2018-04-12 10:36:20', '2018-04-12 10:36:20'),
(214, 'Marmul', 'Marmul', '16_4', 25, 14, 16, 204, 1, '2018-04-12 10:36:20', '2018-04-12 10:36:20'),
(215, 'Sholgara', 'Sholgara', '16_5', 25, 14, 16, 205, 1, '2018-04-12 10:36:20', '2018-04-12 10:36:20'),
(216, 'Hayratan', 'Hayratan', '16_6', 25, 14, 16, 206, 1, '2018-04-12 10:36:20', '2018-04-12 10:36:20'),
(217, 'Kishindeh', 'Kishindeh', '16_7', 25, 14, 16, 207, 1, '2018-04-12 10:36:20', '2018-04-12 10:36:20'),
(218, 'Balkh', 'Balkh', '16_8', 25, 14, 16, 208, 1, '2018-04-12 10:36:20', '2018-04-12 10:36:20'),
(219, 'Dawlat Abad', 'Dawlat Abad', '16_9', 25, 14, 16, 209, 1, '2018-04-12 10:36:20', '2018-04-12 10:36:20'),
(220, 'Char Kent', 'Char Kent', '16_10', 25, 14, 16, 211, 1, '2018-04-12 10:36:20', '2018-04-12 10:36:20'),
(221, 'Chamtal', 'Chamtal', '16_11', 25, 14, 16, 212, 1, '2018-04-12 10:36:20', '2018-04-12 10:36:20'),
(222, 'Char Boolak', 'Char Boolak', '16_12', 25, 14, 16, 213, 1, '2018-04-12 10:36:20', '2018-04-12 10:36:20'),
(223, 'Zari', 'Zari', '16_13', 25, 14, 16, 214, 1, '2018-04-12 10:36:20', '2018-04-12 10:36:20'),
(224, 'Shor Teepa', 'Shor Teepa', '16_14', 25, 14, 16, 215, 1, '2018-04-12 10:36:20', '2018-04-12 10:36:20'),
(225, 'Aaqcha', 'Aaqcha', '17_1', 26, 14, 17, 217, 1, '2018-04-12 10:36:20', '2018-04-12 10:36:20'),
(226, 'Mardeyan', 'Mardeyan', '17_2', 26, 14, 17, 218, 1, '2018-04-12 10:36:20', '2018-04-12 10:36:20'),
(227, 'Mengajik wa Ferari', 'Mengajik wa Ferari', '17_3', 26, 14, 17, 219, 1, '2018-04-12 10:36:20', '2018-04-12 10:36:20'),
(228, 'Qush Tipa', 'Qush Tipa', '17_4', 26, 14, 17, 220, 1, '2018-04-12 10:36:20', '2018-04-12 10:36:20'),
(229, 'Faiz Abad', 'Faiz Abad', '17_5', 26, 14, 17, 221, 1, '2018-04-12 10:36:20', '2018-04-12 10:36:20'),
(230, 'Khaniqa', 'Khaniqa', '17_6', 26, 14, 17, 222, 1, '2018-04-12 10:36:20', '2018-04-12 10:36:20'),
(231, 'Khamyab', 'Khamyab', '17_7', 26, 14, 17, 223, 1, '2018-04-12 10:36:20', '2018-04-12 10:36:20'),
(232, 'Qarqeen', 'Qarqeen', '17_8', 26, 14, 17, 224, 1, '2018-04-12 10:36:20', '2018-04-12 10:36:20'),
(233, 'Darz Ab', 'Darz Ab', '17_9', 26, 14, 17, 225, 1, '2018-04-12 10:36:20', '2018-04-12 10:36:20'),
(234, 'Khawaja Do Koh', 'Khawaja Do Koh', '17_10', 26, 14, 17, 226, 1, '2018-04-12 10:36:20', '2018-04-12 10:36:20'),
(235, 'Pashtun Kot', 'Pashtun Kot', '18_1', 27, 14, 18, 228, 1, '2018-04-12 10:36:20', '2018-04-12 10:36:20'),
(236, 'Qaisar', 'Qaisar', '18_2', 27, 14, 18, 229, 1, '2018-04-12 10:36:20', '2018-04-12 10:36:20'),
(237, 'Almar', 'Almar', '18_3', 27, 14, 18, 230, 1, '2018-04-12 10:36:20', '2018-04-12 10:36:20'),
(238, 'Garzeewan', 'Garzeewan', '18_4', 27, 14, 18, 231, 1, '2018-04-12 10:36:20', '2018-04-12 10:36:20'),
(239, 'Kohistan', 'Kohistan', '18_5', 27, 14, 18, 232, 1, '2018-04-12 10:36:20', '2018-04-12 10:36:20'),
(240, 'Shirin Tagab', 'Shirin Tagab', '18_6', 27, 14, 18, 233, 1, '2018-04-12 10:36:20', '2018-04-12 10:36:20'),
(241, 'Khwaja Sabz Posh', 'Khwaja Sabz Posh', '18_7', 27, 14, 18, 234, 1, '2018-04-12 10:36:20', '2018-04-12 10:36:20'),
(242, 'Dawlat Abad', 'Dawlat Abad', '18_8', 27, 14, 18, 235, 1, '2018-04-12 10:36:20', '2018-04-12 10:36:20'),
(243, 'And Khoy', 'And Khoy', '18_9', 27, 14, 18, 236, 1, '2018-04-12 10:36:20', '2018-04-12 10:36:20'),
(244, 'Khan Charbagh', 'Khan Charbagh', '18_10', 27, 14, 18, 237, 1, '2018-04-12 10:36:20', '2018-04-12 10:36:20'),
(245, 'Belcheragh', 'Belcheragh', '18_11', 27, 14, 18, 238, 1, '2018-04-12 10:36:20', '2018-04-12 10:36:20'),
(246, 'Qarghan', 'Qarghan', '18_12', 27, 14, 18, 239, 1, '2018-04-12 10:36:20', '2018-04-12 10:36:20'),
(247, 'Qaramqol', 'Qaramqol', '18_13', 27, 14, 18, 240, 1, '2018-04-12 10:36:20', '2018-04-12 10:36:20'),
(248, 'Ghormach', 'Ghormach', '18_14', 27, 14, 18, 241, 1, '2018-04-12 10:36:20', '2018-04-12 10:36:20'),
(249, 'Ab Kamari', 'Ab Kamari', '19_1', 28, 14, 19, 244, 1, '2018-04-12 10:36:20', '2018-04-12 10:36:20'),
(250, 'Jawand', 'Jawand', '19_2', 28, 14, 19, 245, 1, '2018-04-12 10:36:20', '2018-04-12 10:36:20'),
(251, 'Muqur', 'Muqur', '19_3', 28, 14, 19, 246, 1, '2018-04-12 10:36:20', '2018-04-12 10:36:20'),
(252, 'Murghab', 'Murghab', '19_4', 28, 14, 19, 247, 1, '2018-04-12 10:36:20', '2018-04-12 10:36:20'),
(253, 'Qadis', 'Qadis', '19_5', 28, 14, 19, 248, 1, '2018-04-12 10:36:20', '2018-04-12 10:36:20'),
(254, 'Khak i Safid', 'Khak i Safid', '20_1', 29, 14, 20, 250, 1, '2018-04-12 10:36:20', '2018-04-12 10:36:20'),
(255, 'Pusht Koh', 'Pusht Koh', '20_2', 29, 14, 20, 251, 1, '2018-04-12 10:36:20', '2018-04-12 10:36:20'),
(256, 'Bakwa', 'Bakwa', '20_3', 29, 14, 20, 252, 1, '2018-04-12 10:36:20', '2018-04-12 10:36:20'),
(257, 'Pusht i Road', 'Pusht i Road', '20_4', 29, 14, 20, 253, 1, '2018-04-12 10:36:20', '2018-04-12 10:36:20'),
(258, 'Purchaman', 'Purchaman', '20_5', 29, 14, 20, 254, 1, '2018-04-12 10:36:20', '2018-04-12 10:36:20'),
(259, 'Lash Jowayn', 'Lash Jowayn', '20_6', 29, 14, 20, 255, 1, '2018-04-12 10:36:20', '2018-04-12 10:36:20'),
(260, 'Bala Buluk', 'Bala Buluk', '20_7', 29, 14, 20, 256, 1, '2018-04-12 10:36:20', '2018-04-12 10:36:20'),
(261, 'Char Burjak', 'Char Burjak', '21_1', 30, 14, 21, 25, 1, '2018-04-12 10:36:20', '2018-04-12 10:36:20'),
(262, 'Khashroad', 'Khashroad', '21_2', 30, 14, 21, 25, 1, '2018-04-12 10:36:20', '2018-04-12 10:36:20'),
(263, 'Chakhnasur', 'Chakhnasur', '21_3', 30, 14, 21, 25, 1, '2018-04-12 10:36:20', '2018-04-12 10:36:20'),
(264, 'Kung', 'Kung', '21_4', 30, 14, 21, 25, 1, '2018-04-12 10:36:20', '2018-04-12 10:36:20'),
(265, 'Nad Ali', 'Nad Ali', '22_1', 31, 14, 22, 263, 1, '2018-04-12 10:36:20', '2018-04-12 10:36:20'),
(266, 'Nawa Barakzayee', 'Nawa Barakzayee', '22_2', 31, 14, 22, 264, 1, '2018-04-12 10:36:20', '2018-04-12 10:36:20'),
(267, 'Girishk', 'Girishk', '22_3', 31, 14, 22, 265, 1, '2018-04-12 10:36:20', '2018-04-12 10:36:20'),
(268, 'Disho', 'Disho', '22_4', 31, 14, 22, 266, 1, '2018-04-12 10:36:20', '2018-04-12 10:36:20'),
(269, 'Garmseer', 'Garmseer', '22_5', 31, 14, 22, 267, 1, '2018-04-12 10:36:20', '2018-04-12 10:36:20'),
(270, 'Musa Qala', 'Musa Qala', '22_6', 31, 14, 22, 268, 1, '2018-04-12 10:36:20', '2018-04-12 10:36:20'),
(271, 'Nawzad', 'Nawzad', '22_7', 31, 14, 22, 269, 1, '2018-04-12 10:36:20', '2018-04-12 10:36:20'),
(272, 'Washir', 'Washir', '22_8', 31, 14, 22, 270, 1, '2018-04-12 10:36:20', '2018-04-12 10:36:20'),
(273, 'Sangeen', 'Sangeen', '22_9', 31, 14, 22, 271, 1, '2018-04-12 10:36:20', '2018-04-12 10:36:20'),
(274, 'Baghran', 'Baghran', '22_10', 31, 14, 22, 273, 1, '2018-04-12 10:36:20', '2018-04-12 10:36:20'),
(275, 'Daman', 'Daman', '23_1', 32, 14, 23, 275, 1, '2018-04-12 10:36:20', '2018-04-12 10:36:20'),
(276, 'Arghandab', 'Arghandab', '23_2', 32, 14, 23, 276, 1, '2018-04-12 10:36:20', '2018-04-12 10:36:20'),
(277, 'Panjawee', 'Panjawee', '23_3', 32, 14, 23, 277, 1, '2018-04-12 10:36:20', '2018-04-12 10:36:20'),
(278, 'Dand', 'Dand', '23_4', 32, 14, 23, 278, 1, '2018-04-12 10:36:20', '2018-04-12 10:36:20'),
(279, 'Maiwand', 'Maiwand', '23_5', 32, 14, 23, 279, 1, '2018-04-12 10:36:20', '2018-04-12 10:36:20'),
(280, 'Zeray', 'Zeray', '23_6', 32, 14, 23, 280, 1, '2018-04-12 10:36:20', '2018-04-12 10:36:20'),
(281, 'Speen Boldak', 'Speen Boldak', '23_7', 32, 14, 23, 281, 1, '2018-04-12 10:36:20', '2018-04-12 10:36:20'),
(282, 'Khakreez', 'Khakreez', '23_8', 32, 14, 23, 282, 1, '2018-04-12 10:36:20', '2018-04-12 10:36:20'),
(283, 'Shah Wali Kot', 'Shah Wali Kot', '23_9', 32, 14, 23, 283, 1, '2018-04-12 10:36:20', '2018-04-12 10:36:20'),
(284, 'Arghistan', 'Arghistan', '23_10', 32, 14, 23, 284, 1, '2018-04-12 10:36:20', '2018-04-12 10:36:20'),
(285, 'Ghorak', 'Ghorak', '23_11', 32, 14, 23, 285, 1, '2018-04-12 10:36:20', '2018-04-12 10:36:20'),
(286, 'Meyan Nishin', 'Meyan Nishin', '23_12', 32, 14, 23, 286, 1, '2018-04-12 10:36:20', '2018-04-12 10:36:20'),
(287, 'Dai Chopan', 'Dai Chopan', '24_1', 33, 14, 24, 291, 1, '2018-04-12 10:36:20', '2018-04-12 10:36:20'),
(288, 'Tarnak wa Jaldak', 'Tarnak wa Jaldak', '24_2', 33, 14, 24, 292, 1, '2018-04-12 10:36:20', '2018-04-12 10:36:20'),
(289, 'Shah Joy', 'Shah Joy', '24_3', 33, 14, 24, 293, 1, '2018-04-12 10:36:20', '2018-04-12 10:36:20'),
(290, 'Shamulzai', 'Shamulzai', '24_4', 33, 14, 24, 294, 1, '2018-04-12 10:36:20', '2018-04-12 10:36:20'),
(291, 'Shinkay', 'Shinkay', '24_5', 33, 14, 24, 295, 1, '2018-04-12 10:36:20', '2018-04-12 10:36:20'),
(292, 'Khak Afghan', 'Khak Afghan', '24_6', 33, 14, 24, 296, 1, '2018-04-12 10:36:20', '2018-04-12 10:36:20'),
(293, 'Mizan', 'Mizan', '24_7', 33, 14, 24, 297, 1, '2018-04-12 10:36:20', '2018-04-12 10:36:20'),
(294, 'Arghandab', 'Arghandab', '24_8', 33, 14, 24, 299, 1, '2018-04-12 10:36:20', '2018-04-12 10:36:20'),
(295, 'Khas Uruzgan', 'Khas Uruzgan', '25_1', 34, 14, 25, 302, 1, '2018-04-12 10:36:20', '2018-04-12 10:36:20'),
(296, 'Shahid Hasas', 'Shahid Hasas', '25_2', 34, 14, 25, 303, 1, '2018-04-12 10:36:20', '2018-04-12 10:36:20'),
(297, 'Chora', 'Chora', '25_3', 34, 14, 25, 304, 1, '2018-04-12 10:36:20', '2018-04-12 10:36:20'),
(298, 'Charsada', 'Charsada', '26_1', 35, 14, 26, 306, 1, '2018-04-12 10:36:20', '2018-04-12 10:36:20'),
(299, 'Shahrak', 'Shahrak', '26_2', 35, 14, 26, 307, 1, '2018-04-12 10:36:20', '2018-04-12 10:36:20'),
(300, 'Lal o Sar Jangal', 'Lal o Sar Jangal', '26_3', 35, 14, 26, 308, 1, '2018-04-12 10:36:20', '2018-04-12 10:36:20'),
(301, 'Dawlatyaar', 'Dawlatyaar', '26_4', 35, 14, 26, 309, 1, '2018-04-12 10:36:20', '2018-04-12 10:36:20'),
(302, 'Dolina', 'Dolina', '26_5', 35, 14, 26, 310, 1, '2018-04-12 10:36:20', '2018-04-12 10:36:20'),
(303, 'Saghar', 'Saghar', '26_6', 35, 14, 26, 311, 1, '2018-04-12 10:36:20', '2018-04-12 10:36:20'),
(304, 'Teywara', 'Teywara', '26_7', 35, 14, 26, 312, 1, '2018-04-12 10:36:20', '2018-04-12 10:36:20'),
(305, 'Pasaband', 'Pasaband', '26_8', 35, 14, 26, 313, 1, '2018-04-12 10:36:20', '2018-04-12 10:36:20'),
(306, 'Tulak', 'Tulak', '26_9', 35, 14, 26, 314, 1, '2018-04-12 10:36:20', '2018-04-12 10:36:20'),
(307, 'Saighan', 'Saighan', '27_1', 36, 14, 27, 316, 1, '2018-04-12 10:36:20', '2018-04-12 10:36:20'),
(308, 'Kahmard', 'Kahmard', '27_2', 36, 14, 27, 317, 1, '2018-04-12 10:36:20', '2018-04-12 10:36:20'),
(309, 'Panjab', 'Panjab', '27_3', 36, 14, 27, 318, 1, '2018-04-12 10:36:20', '2018-04-12 10:36:20'),
(310, 'Waras', 'Waras', '27_4', 36, 14, 27, 319, 1, '2018-04-12 10:36:20', '2018-04-12 10:36:20'),
(311, 'Shebar', 'Shebar', '27_5', 36, 14, 27, 320, 1, '2018-04-12 10:36:20', '2018-04-12 10:36:20'),
(312, 'Yakawlang', 'Yakawlang', '27_6', 36, 14, 27, 321, 1, '2018-04-12 10:36:20', '2018-04-12 10:36:20'),
(313, 'Urugun', 'Urugun', '28_1', 37, 14, 28, 323, 1, '2018-04-12 10:36:20', '2018-04-12 10:36:20'),
(314, 'Sar Rowza', 'Sar Rowza', '28_2', 37, 14, 28, 324, 1, '2018-04-12 10:36:20', '2018-04-12 10:36:20'),
(315, 'Gomal', 'Gomal', '28_3', 37, 14, 28, 325, 1, '2018-04-12 10:36:20', '2018-04-12 10:36:20'),
(316, 'Barg i Matal', 'Barg i Matal', '29_1', 38, 14, 29, 327, 1, '2018-04-12 10:36:20', '2018-04-12 10:36:20'),
(317, 'Doo Ab', 'Doo Ab', '29_2', 38, 14, 29, 328, 1, '2018-04-12 10:36:20', '2018-04-12 10:36:20'),
(318, 'Kamdeesh', 'Kamdeesh', '29_3', 38, 14, 29, 329, 1, '2018-04-12 10:36:20', '2018-04-12 10:36:20'),
(319, 'Mandool', 'Mandool', '29_4', 38, 14, 29, 330, 1, '2018-04-12 10:36:20', '2018-04-12 10:36:20'),
(320, 'Noor Geram', 'Noor Geram', '29_5', 38, 14, 29, 331, 1, '2018-04-12 10:36:20', '2018-04-12 10:36:20'),
(321, 'Waygal', 'Waygal', '29_6', 38, 14, 29, 332, 1, '2018-04-12 10:36:20', '2018-04-12 10:36:20'),
(322, 'Wama', 'Wama', '29_7', 38, 14, 29, 333, 1, '2018-04-12 10:36:20', '2018-04-12 10:36:20'),
(323, 'Balkhab', 'Balkhab', '30_1', 39, 14, 30, 335, 1, '2018-04-12 10:36:20', '2018-04-12 10:36:20'),
(324, 'Kohistanat', 'Kohistanat', '30_2', 39, 14, 30, 336, 1, '2018-04-12 10:36:20', '2018-04-12 10:36:20'),
(325, 'Sang Charak', 'Sang Charak', '30_3', 39, 14, 30, 337, 1, '2018-04-12 10:36:20', '2018-04-12 10:36:20'),
(326, 'Sozma Qala', 'Sozma Qala', '30_4', 39, 14, 30, 338, 1, '2018-04-12 10:36:20', '2018-04-12 10:36:20'),
(327, 'Sayaad', 'Sayaad', '30_5', 39, 14, 30, 339, 1, '2018-04-12 10:36:20', '2018-04-12 10:36:20'),
(328, 'Gosfandi', 'Gosfandi', '30_6', 39, 14, 30, 340, 1, '2018-04-12 10:36:20', '2018-04-12 10:36:20'),
(329, 'Bak', 'Bak', '31_1', 40, 14, 31, 343, 1, '2018-04-12 10:36:20', '2018-04-12 10:36:20'),
(330, 'Tanai', 'Tanai', '31_2', 40, 14, 31, 344, 1, '2018-04-12 10:36:20', '2018-04-12 10:36:20'),
(331, 'Jaji Maidan', 'Jaji Maidan', '31_3', 40, 14, 31, 345, 1, '2018-04-12 10:36:20', '2018-04-12 10:36:20'),
(332, 'Sepera', 'Sepera', '31_4', 40, 14, 31, 346, 1, '2018-04-12 10:36:20', '2018-04-12 10:36:20'),
(333, 'Sabri', 'Sabri', '31_5', 40, 14, 31, 347, 1, '2018-04-12 10:36:20', '2018-04-12 10:36:20'),
(334, 'Qalandar', 'Qalandar', '31_6', 40, 14, 31, 348, 1, '2018-04-12 10:36:20', '2018-04-12 10:36:20'),
(335, 'Nadir Shah Kot', 'Nadir Shah Kot', '31_7', 40, 14, 31, 350, 1, '2018-04-12 10:36:20', '2018-04-12 10:36:20'),
(336, 'Dowa Manda', 'Dowa Manda', '31_10', 40, 14, 31, 351, 1, '2018-04-12 10:36:20', '2018-04-12 10:36:20'),
(337, 'Musa Khail', 'Musa Khail', '31_11', 40, 14, 31, 352, 1, '2018-04-12 10:36:20', '2018-04-12 10:36:20'),
(338, 'Unaba', 'Unaba', '32_1', 41, 14, 32, 354, 1, '2018-04-12 10:36:20', '2018-04-12 10:36:20'),
(339, 'Paryan', 'Paryan', '32_2', 41, 14, 32, 355, 1, '2018-04-12 10:36:20', '2018-04-12 10:36:20'),
(340, 'Rukha', 'Rukha', '32_3', 41, 14, 32, 356, 1, '2018-04-12 10:36:20', '2018-04-12 10:36:20'),
(341, 'Hisa i Awali', 'Hisa i Awali', '32_4', 41, 14, 32, 357, 1, '2018-04-12 10:36:20', '2018-04-12 10:36:20'),
(342, 'Shutul', 'Shutul', '32_5', 41, 14, 32, 358, 1, '2018-04-12 10:36:20', '2018-04-12 10:36:20'),
(343, 'Dara', 'Dara', '32_6', 41, 14, 32, 359, 1, '2018-04-12 10:36:20', '2018-04-12 10:36:20'),
(344, 'Kijran', 'Kijran', '33_1', 42, 14, 33, 36, 1, '2018-04-12 10:36:20', '2018-04-12 10:36:20'),
(345, 'Khadeer', 'Khadeer', '33_2', 42, 14, 33, 36, 1, '2018-04-12 10:36:20', '2018-04-12 10:36:20'),
(346, 'Miramoor', 'Miramoor', '33_3', 42, 14, 33, 36, 1, '2018-04-12 10:36:20', '2018-04-12 10:36:20'),
(347, 'Shahristan', 'Shahristan', '33_4', 42, 14, 33, 36, 1, '2018-04-12 10:36:20', '2018-04-12 10:36:20'),
(348, 'Sang i Takht', 'Sang i Takht', '33_5', 42, 14, 33, 36, 1, '2018-04-12 10:36:20', '2018-04-12 10:36:20'),
(349, 'Ushturlai', 'Ushturlai', '33_6', 42, 14, 33, 36, 1, '2018-04-12 10:36:20', '2018-04-12 10:36:20'),
(350, 'Kiti', 'Kiti', '33_7', 42, 14, 33, 36, 1, '2018-04-12 10:36:20', '2018-04-12 10:36:20'),
(351, 'Hisa i Dowom i Kohistan', 'Hisa i Dowom i Kohistan', '34_1', 43, 14, 34, 370, 1, '2018-04-12 10:36:20', '2018-04-12 10:36:20'),
(352, 'Koh Band', 'Koh Band', '34_2', 43, 14, 34, 371, 1, '2018-04-12 10:36:20', '2018-04-12 10:36:20'),
(353, 'Nijrab', 'Nijrab', '34_3', 43, 14, 34, 372, 1, '2018-04-12 10:36:20', '2018-04-12 10:36:20'),
(356, 'Vendor 1', 'Vendor 1', 'v_1', NULL, 17, 1, 4, 1, NULL, NULL),
(5585, 'مدرسه دینی', '100200001', '10_7_1', 130, 15, 10, 119, 1, '2018-04-12 10:36:20', '2018-04-12 10:36:20'),
(5586, 'مروري ليسه', '100200002', '10_7_2', 130, 15, 10, 119, 1, '2018-04-12 10:36:20', '2018-04-12 10:36:20'),
(5587, 'نسوان مروره', '100200003', '10_7_3', 130, 15, 10, 119, 1, '2018-04-12 10:36:20', '2018-04-12 10:36:20'),
(5588, 'چیناری', '100200004', '10_7_4', 130, 15, 10, 119, 1, '2018-04-12 10:36:20', '2018-04-12 10:36:20'),
(5589, 'عجب شاگی', '100200005', '10_7_5', 130, 15, 10, 119, 1, '2018-04-12 10:36:20', '2018-04-12 10:36:20'),
(5590, 'لویه بچی', '100200006', '10_7_6', 130, 15, 10, 119, 1, '2018-04-12 10:36:20', '2018-04-12 10:36:20'),
(5591, 'در یدم', '100200007', '10_7_7', 130, 15, 10, 119, 1, '2018-04-12 10:36:20', '2018-04-12 10:36:20'),
(5592, 'لاهور داگ', '100200008', '10_7_8', 130, 15, 10, 119, 1, '2018-04-12 10:36:20', '2018-04-12 10:36:20'),
(5593, 'منیا گل', '100200009', '10_7_9', 130, 15, 10, 119, 1, '2018-04-12 10:36:20', '2018-04-12 10:36:20'),
(5594, 'آدم خيل', '100200010', '10_7_10', 130, 15, 10, 119, 1, '2018-04-12 10:36:20', '2018-04-12 10:36:20'),
(5595, 'دریدم چینو', '100200011', '10_7_11', 130, 15, 10, 119, 1, '2018-04-12 10:36:20', '2018-04-12 10:36:20'),
(5596, 'چار باغ', '100200012', '10_7_12', 130, 15, 10, 119, 1, '2018-04-12 10:36:20', '2018-04-12 10:36:20'),
(5597, 'حصاره', '100200013', '10_7_13', 130, 15, 10, 119, 1, '2018-04-12 10:36:20', '2018-04-12 10:36:20'),
(5598, 'موړی ', '100200014', '10_7_14', 130, 15, 10, 119, 1, '2018-04-12 10:36:20', '2018-04-12 10:36:20'),
(5599, 'مسلکی زراعت', '100200015', '10_7_15', 130, 15, 10, 119, 1, '2018-04-12 10:36:20', '2018-04-12 10:36:20'),
(5600, 'برولو', '100200016', '10_7_16', 130, 15, 10, 119, 1, '2018-04-12 10:36:20', '2018-04-12 10:36:20'),
(5601, 'کرورو', '100200017', '10_7_17', 130, 15, 10, 119, 1, '2018-04-12 10:36:20', '2018-04-12 10:36:20'),
(5602, 'کمکی بچی ډاگ', '100200018', '10_7_18', 130, 15, 10, 119, 1, '2018-04-12 10:36:20', '2018-04-12 10:36:20'),
(5603, 'ترخواوبو', '100200019', '10_7_19', 130, 15, 10, 119, 1, '2018-04-12 10:36:20', '2018-04-12 10:36:20'),
(5604, 'مسلم اباد', '100200020', '10_7_20', 130, 15, 10, 119, 1, '2018-04-12 10:36:20', '2018-04-12 10:36:20'),
(5605, 'رشید', '100200021', '10_7_21', 130, 15, 10, 119, 1, '2018-04-12 10:36:20', '2018-04-12 10:36:20'),
(10778, 'Vendor / SIG', 'SIG', 'v_2', NULL, 17, 1, 4, 1, NULL, NULL),
(10779, 'CITY', 'CITY', '8_21', 17, 14, 8, 86, 1, '2018-04-12 10:36:20', '2018-04-12 10:36:20'),
(10780, 'City', 'City', '9_1', 18, 14, 9, 107, 1, '2018-04-12 10:36:20', '2018-04-12 10:36:20'),
(10889, 'Mehtarlam', 'Mehtarlam', '9_4', 18, 14, 9, 374, 1, '2018-04-12 10:36:20', '2018-04-12 10:36:20'),
(11744, 'ACR Office', 'ACR Office', 'ACR_01', NULL, 11, 1, 4, 1, '2018-04-12 10:33:51', '2018-04-12 10:33:51'),
(11747, 'Vendor / BAHEER', 'BAHEER', 'v_3', NULL, 17, 1, 4, 1, NULL, NULL),
(11750, 'مدرسه دینی', '100200001', '10_7_1', 130, 15, 10, 119, 1, '2018-04-12 10:36:20', '2018-04-12 10:36:20'),
(11751, 'مروري ليسه', '100200002', '10_7_2', 130, 15, 10, 119, 1, '2018-04-12 10:36:20', '2018-04-12 10:36:20'),
(11752, 'نسوان مروره', '100200003', '10_7_3', 130, 15, 10, 119, 1, '2018-04-12 10:36:20', '2018-04-12 10:36:20'),
(11753, 'چیناری', '100200004', '10_7_4', 130, 15, 10, 119, 1, '2018-04-12 10:36:20', '2018-04-12 10:36:20'),
(11754, 'عجب شاگی', '100200005', '10_7_5', 130, 15, 10, 119, 1, '2018-04-12 10:36:20', '2018-04-12 10:36:20'),
(11755, 'لویه بچی', '100200006', '10_7_6', 130, 15, 10, 119, 1, '2018-04-12 10:36:20', '2018-04-12 10:36:20'),
(11756, 'در یدم', '100200007', '10_7_7', 130, 15, 10, 119, 1, '2018-04-12 10:36:20', '2018-04-12 10:36:20'),
(11757, 'لاهور داگ', '100200008', '10_7_8', 130, 15, 10, 119, 1, '2018-04-12 10:36:20', '2018-04-12 10:36:20'),
(11758, 'منیا گل', '100200009', '10_7_9', 130, 15, 10, 119, 1, '2018-04-12 10:36:20', '2018-04-12 10:36:20'),
(11759, 'آدم خيل', '100200010', '10_7_10', 130, 15, 10, 119, 1, '2018-04-12 10:36:20', '2018-04-12 10:36:20'),
(11760, 'دریدم چینو', '100200011', '10_7_11', 130, 15, 10, 119, 1, '2018-04-12 10:36:20', '2018-04-12 10:36:20'),
(11761, 'چار باغ', '100200012', '10_7_12', 130, 15, 10, 119, 1, '2018-04-12 10:36:20', '2018-04-12 10:36:20'),
(11762, 'حصاره', '100200013', '10_7_13', 130, 15, 10, 119, 1, '2018-04-12 10:36:20', '2018-04-12 10:36:20'),
(11763, 'موړی ', '100200014', '10_7_14', 130, 15, 10, 119, 1, '2018-04-12 10:36:20', '2018-04-12 10:36:20'),
(11764, 'مسلکی زراعت', '100200015', '10_7_15', 130, 15, 10, 119, 1, '2018-04-12 10:36:20', '2018-04-12 10:36:20'),
(11765, 'برولو', '100200016', '10_7_16', 130, 15, 10, 119, 1, '2018-04-12 10:36:20', '2018-04-12 10:36:20'),
(11766, 'کرورو', '100200017', '10_7_17', 130, 15, 10, 119, 1, '2018-04-12 10:36:20', '2018-04-12 10:36:20'),
(11767, 'کمکی بچی ډاگ', '100200018', '10_7_18', 130, 15, 10, 119, 1, '2018-04-12 10:36:20', '2018-04-12 10:36:20'),
(11768, 'ترخواوبو', '100200019', '10_7_19', 130, 15, 10, 119, 1, '2018-04-12 10:36:20', '2018-04-12 10:36:20'),
(11769, 'مسلم اباد', '100200020', '10_7_20', 130, 15, 10, 119, 1, '2018-04-12 10:36:20', '2018-04-12 10:36:20'),
(11770, 'رشید', '100200021', '10_7_21', 130, 15, 10, 119, 1, '2018-04-12 10:36:20', '2018-04-12 10:36:20'),
(12181, 'ده غلامان', '110600002', '12_22_2', 154, 16, 12, 148, 1, '2019-05-12 10:37:21', '2019-05-12 10:37:21'),
(12182, 'با با تنگی ', '110600003', '13_23_3', 155, 17, 13, 149, 1, '2018-12-12 10:38:22', '2020-06-12 10:38:22'),
(12183, 'پنجه', '110600004', '14_24_4', 156, 18, 14, 150, 1, '2018-12-12 10:39:23', '2021-07-12 10:39:23'),
(12185, 'ورگند', '110600006', '16_26_6', 158, 20, 16, 152, 1, '2018-12-12 10:41:25', '2023-09-12 10:41:25'),
(12186, 'پگیش', '110600007', '17_27_7', 159, 21, 17, 153, 1, '2018-12-12 10:42:26', '2024-10-12 10:42:26'),
(12187, 'خندود', '110600008', '18_28_8', 160, 22, 18, 154, 1, '2018-12-12 10:43:27', '2025-11-12 10:43:27'),
(12188, 'کیپکوت', '110600009', '19_29_9', 161, 23, 19, 155, 1, '2018-12-12 10:44:28', '2026-12-12 10:44:28'),
(12189, 'سست', '110600010', '20_30_10', 162, 24, 20, 156, 1, '0000-00-00 00:00:00', '0000-00-00 00:00:00'),
(12190, 'راچون', '110600011', '21_31_11', 163, 25, 21, 157, 1, '0000-00-00 00:00:00', '0000-00-00 00:00:00'),
(12191, 'قاضی ده', '110600012', '22_32_12', 164, 26, 22, 158, 1, '0000-00-00 00:00:00', '0000-00-00 00:00:00'),
(12192, 'شخور', '110600013', '23_33_13', 165, 27, 23, 159, 1, '0000-00-00 00:00:00', '0000-00-00 00:00:00'),
(12193, 'ورک', '110600014', '24_34_14', 166, 28, 24, 160, 1, '0000-00-00 00:00:00', '0000-00-00 00:00:00'),
(19556, 'Kabul', 'Kabul ', '1', 10, 13, 1, 4, 1, '2018-04-12 10:33:51', '2018-04-12 10:33:51'),
(19557, 'Istalef', 'Istalef', '1_1', 19556, 14, 1, 1, 1, '2018-04-12 10:36:20', '2018-04-12 10:36:20'),
(19558, 'Bagrami', 'Bagrami', '1_2', 19556, 14, 1, 2, 1, '2018-04-12 10:36:20', '2018-04-12 10:36:20'),
(19559, 'Qara Baq', 'Qara Baq', '1_3', 19556, 14, 1, 3, 1, '2018-04-12 10:36:20', '2018-04-12 10:36:20'),
(19560, 'Kabul City', 'Kabul City', '1_4', 19556, 14, 1, 4, 1, '2018-04-12 10:36:20', '2018-04-12 10:36:20'),
(19561, 'Furza', 'Furza', '1_5', 19556, 14, 1, 5, 1, '2018-04-12 10:36:20', '2018-04-12 10:36:20'),
(19562, 'Paghman', 'Paghman', '1_6', 19556, 14, 1, 6, 1, '2018-04-12 10:36:20', '2018-04-12 10:36:20'),
(19563, 'Chahar Asyab', 'Chahar Asyab', '1_7', 19556, 14, 1, 7, 1, '2018-04-12 10:36:20', '2018-04-12 10:36:20'),
(19564, 'Kalakan', 'Kalakan', '1_8', 19556, 14, 1, 8, 1, '2018-04-12 10:36:20', '2018-04-12 10:36:20'),
(19565, 'Khak jabar', 'Khak jabar', '1_9', 19556, 14, 1, 9, 1, '2018-04-12 10:36:20', '2018-04-12 10:36:20'),
(19566, 'Gul Dara', 'Gul Dara', '1_10', 19556, 14, 1, 10, 1, '2018-04-12 10:36:20', '2018-04-12 10:36:20'),
(19567, 'Mushy', 'Mushy', '1_11', 19556, 14, 1, 11, 1, '2018-04-12 10:36:20', '2018-04-12 10:36:20'),
(19568, 'Deh Sabz', 'Deh Sabz', '1_12', 19556, 14, 1, 12, 1, '2018-04-12 10:36:20', '2018-04-12 10:36:20'),
(19569, 'Surobi', 'Surobi', '1_13', 19556, 14, 1, 13, 1, '2018-04-12 10:36:20', '2018-04-12 10:36:20'),
(19570, 'Mir Bacha Kot', 'Mir Bacha Kot', '1_14', 19556, 14, 1, 14, 1, '2018-04-12 10:36:20', '2018-04-12 10:36:20'),
(19571, 'Shakar Dara', 'Shakar Dara', '1_15', 19556, 14, 1, 15, 1, '2018-04-12 10:36:20', '2018-04-12 10:36:20'),
(19572, 'Vendor / AHMAD', 'AHMAD', 'v_4', NULL, 17, 1, 4, 1, NULL, NULL),
(19573, 'Nahia 1', 'Nahia 1', '1_16', 19556, 14, 1, 377, 1, '2018-04-12 10:36:20', '2018-04-12 10:36:20'),
(19574, 'Nahia 2', 'Nahia 2', '1_16', 19556, 14, 1, 378, 1, '2018-04-12 10:36:20', '2018-04-12 10:36:20'),
(19575, 'Nahia 3', 'Nahia 3', '1_16', 19556, 14, 1, 379, 1, '2018-04-12 10:36:20', '2018-04-12 10:36:20'),
(19576, 'Nahia 4', 'Nahia 4', '1_16', 19556, 14, 1, 380, 1, '2018-04-12 10:36:20', '2018-04-12 10:36:20'),
(19577, 'Nahia 5', 'Nahia 5', '1_16', 19556, 14, 1, 381, 1, '2018-04-12 10:36:20', '2018-04-12 10:36:20'),
(19578, 'Nahia 6', 'Nahia 6', '1_16', 19556, 14, 1, 382, 1, '2018-04-12 10:36:20', '2018-04-12 10:36:20'),
(19579, 'Nahia 7', 'Nahia 7', '1_16', 19556, 14, 1, 383, 1, '2018-04-12 10:36:20', '2018-04-12 10:36:20'),
(19580, 'Nahia 8', 'Nahia 8', '1_16', 19556, 14, 1, 384, 1, '2018-04-12 10:36:20', '2018-04-12 10:36:20'),
(19581, 'Nahia 9', 'Nahia 9', '1_16', 19556, 14, 1, 385, 1, '2018-04-12 10:36:20', '2018-04-12 10:36:20'),
(19582, 'Nahia 10', 'Nahia 10', '1_16', 19556, 14, 1, 386, 1, '2018-04-12 10:36:20', '2018-04-12 10:36:20'),
(19583, 'Nahia 11', 'Nahia 11', '1_16', 19556, 14, 1, 387, 1, '2018-04-12 10:36:20', '2018-04-12 10:36:20'),
(19584, 'Nahia 12', 'Nahia 12', '1_16', 19556, 14, 1, 388, 1, '2018-04-12 10:36:20', '2018-04-12 10:36:20'),
(19585, 'Nahia 13', 'Nahia 13', '1_16', 19556, 14, 1, 389, 1, '2018-04-12 10:36:20', '2018-04-12 10:36:20'),
(19586, 'Nahia 14', 'Nahia 14', '1_16', 19556, 14, 1, 390, 1, '2018-04-12 10:36:20', '2018-04-12 10:36:20'),
(19587, 'Nahia 15', 'Nahia 15', '1_16', 19556, 14, 1, 391, 1, '2018-04-12 10:36:20', '2018-04-12 10:36:20'),
(19588, 'Nahia 16', 'Nahia 16', '1_16', 19556, 14, 1, 392, 1, '2018-04-12 10:36:20', '2018-04-12 10:36:20'),
(19589, 'Nahia 17', 'Nahia 16', '1_17', 19556, 14, 1, 393, 1, '2018-04-12 10:36:20', '2018-04-12 10:36:20'),
(20312, 'Hisa i Awal i Kohistan', 'Hisa i Awal i Kohistan', '34_4', 43, 14, 34, 373, 1, '2018-04-12 10:36:20', '2018-04-12 10:36:20'),
(20313, 'Tagab', 'Tagab', '34_4', 43, 14, 34, 394, 1, '2018-04-12 10:36:20', '2018-04-12 10:36:20'),
(20314, 'Ala Saay', 'Ala Saay', '34_4', 43, 14, 34, 395, 1, '2018-04-12 10:36:20', '2018-04-12 10:36:20'),
(20531, 'Mahmud Raqi', 'Mahmud Raqi', '34_3', 43, 14, 34, 396, 1, '2018-04-12 10:36:20', '2018-04-12 10:36:20'),
(20693, 'Asad Abad', 'Asad Abad', '10_10', 19, 14, 10, 397, 1, '2018-04-12 10:36:20', '2018-04-12 10:36:20'),
(20694, 'Nur Gul', 'Nur Gul', '10_9', 19, 14, 10, 122, 1, '2018-04-12 10:36:20', '2018-04-12 10:36:20'),
(20695, 'Sar Kani', 'Sar Kani', '10_9', 19, 14, 10, 123, 1, '2018-04-12 10:36:20', '2018-04-12 10:36:20'),
(20696, 'Shighal', 'Shighal', '10_10', 19, 14, 10, 124, 1, '2018-04-12 10:36:20', '2018-04-12 10:36:20'),
(20697, 'Ghaziabad', 'Ghaziabad', '10_10', 19, 14, 10, 399, 1, '2018-04-12 10:36:20', '2018-04-12 10:36:20'),
(21881, 'PUL ALAM', 'PUL ALAM', '5_6', 14, 14, 5, 375, 1, '2018-04-12 10:36:20', '2018-04-12 10:36:20'),
(22201, 'Gardez', 'Gardez', '7_10', 16, 14, 7, 400, 1, '2018-04-12 10:36:20', '2018-04-12 10:36:20'),
(22202, 'Lazha Mangal', 'Lazha Mangal', '7_10', 16, 14, 7, 401, 1, '2018-04-12 10:36:20', '2018-04-12 10:36:20'),
(22203, 'Gerda Serai', 'Gerda Serai', '7_10', 16, 14, 7, 402, 1, '2018-04-12 10:36:20', '2018-04-12 10:36:20'),
(22311, 'Charikar', 'Charikar', '3_8', 12, 14, 3, 40, 1, '2018-04-12 10:36:20', '2018-04-12 10:36:20'),
(22312, 'Sayed Khail', 'Sayed Khail', '3_8', 12, 14, 3, 404, 1, '2018-04-12 10:36:20', '2018-04-12 10:36:20'),
(22808, 'Maidan Shar', 'Maidan Shar', '4_8', 13, 14, 4, 405, 1, '2018-04-12 10:36:20', '2018-04-12 10:36:20'),
(23256, 'Chaparhar', 'Chaparhar', '8_20', 17, 14, 8, 406, 1, '2018-04-12 10:36:20', '2018-04-12 10:36:20'),
(23334, 'Bad Pakh', 'Bad Pakh', '9_4', 18, 14, 9, 407, 1, '2018-04-12 10:36:20', '2018-04-12 10:36:20'),
(23341, 'Fayz Abad', 'Fayz Abad', '11_27', 20, 14, 11, 408, 1, '2018-04-12 10:36:20', '2018-04-12 10:36:20'),
(23342, 'Nasi', 'Nasi', '11_27', 20, 14, 11, 409, 1, '2018-04-12 10:36:20', '2018-04-12 10:36:20'),
(23431, 'Herat City', 'Herat City', '2_15', 11, 14, 2, 31, 1, '2018-04-12 10:36:20', '2018-04-12 10:36:20');

-- --------------------------------------------------------

--
-- Table structure for table `book_dis_node_balances`
--

CREATE TABLE `book_dis_node_balances` (
  `id` int(10) UNSIGNED NOT NULL,
  `created_at` timestamp NULL DEFAULT NULL,
  `updated_at` timestamp NULL DEFAULT NULL,
  `total` bigint(20) NOT NULL,
  `previous_total` bigint(20) NOT NULL,
  `amount` bigint(20) NOT NULL,
  `active` int(11) NOT NULL,
  `node_id` int(10) UNSIGNED NOT NULL,
  `transaction_id` int(10) UNSIGNED NOT NULL,
  `creator_id` int(10) UNSIGNED NOT NULL,
  `type` varchar(255) COLLATE utf8_unicode_ci DEFAULT NULL
) ENGINE=InnoDB DEFAULT CHARSET=utf8 COLLATE=utf8_unicode_ci;

-- --------------------------------------------------------

--
-- Table structure for table `book_dis_node_balance_details`
--

CREATE TABLE `book_dis_node_balance_details` (
  `id` int(10) UNSIGNED NOT NULL,
  `total` bigint(20) NOT NULL,
  `grade_id` int(10) UNSIGNED DEFAULT NULL,
  `title_id` int(10) UNSIGNED DEFAULT NULL,
  `language_id` int(10) UNSIGNED DEFAULT NULL,
  `created_at` timestamp NULL DEFAULT NULL,
  `updated_at` timestamp NULL DEFAULT NULL,
  `node_id` int(11) UNSIGNED DEFAULT NULL
) ENGINE=InnoDB DEFAULT CHARSET=utf8 COLLATE=utf8_unicode_ci;

-- --------------------------------------------------------

--
-- Table structure for table `book_dis_node_levels`
--

CREATE TABLE `book_dis_node_levels` (
  `id` int(10) UNSIGNED NOT NULL,
  `title` varchar(255) COLLATE utf8_unicode_ci NOT NULL,
  `description` varchar(255) COLLATE utf8_unicode_ci NOT NULL,
  `code` varchar(255) COLLATE utf8_unicode_ci NOT NULL,
  `parent_id` int(10) UNSIGNED DEFAULT NULL,
  `created_at` timestamp NULL DEFAULT NULL,
  `updated_at` timestamp NULL DEFAULT NULL,
  `user_id` int(10) UNSIGNED DEFAULT NULL,
  `is_beneficiary` int(1) UNSIGNED ZEROFILL NOT NULL,
  `is_starter` int(1) UNSIGNED ZEROFILL NOT NULL
) ENGINE=InnoDB DEFAULT CHARSET=utf8 COLLATE=utf8_unicode_ci;

--
-- Dumping data for table `book_dis_node_levels`
--

INSERT INTO `book_dis_node_levels` (`id`, `title`, `description`, `code`, `parent_id`, `created_at`, `updated_at`, `user_id`, `is_beneficiary`, `is_starter`) VALUES
(11, 'Central Level ', 'Central Level ', '1', 17, '2018-04-12 10:29:05', '2018-04-12 10:29:05', 1, 0, 0),
(13, 'Provincial', 'Provincial', '2', 11, '2018-04-12 10:30:37', '2018-04-12 10:30:37', 1, 0, 0),
(14, 'District', 'District', '3', 13, '2018-04-12 10:32:04', '2018-04-12 10:32:04', 1, 0, 0),
(15, 'School', 'School', '4', 14, '2018-04-12 10:32:42', '2018-04-12 10:32:42', 1, 0, 0),
(17, 'Vendor', 'Vendor', '5', NULL, NULL, NULL, 1, 0, 1),
(18, 'Student', 'Student', '6', 15, NULL, NULL, 1, 1, 0);

-- --------------------------------------------------------

--
-- Table structure for table `book_dis_node_staffs`
--

CREATE TABLE `book_dis_node_staffs` (
  `id` int(10) UNSIGNED NOT NULL,
  `created_at` timestamp NULL DEFAULT NULL,
  `updated_at` timestamp NULL DEFAULT NULL,
  `node_id` int(10) UNSIGNED NOT NULL,
  `user_id` int(10) UNSIGNED NOT NULL
) ENGINE=InnoDB DEFAULT CHARSET=utf8 COLLATE=utf8_unicode_ci;

--
-- Dumping data for table `book_dis_node_staffs`
--

INSERT INTO `book_dis_node_staffs` (`id`, `created_at`, `updated_at`, `node_id`, `user_id`) VALUES
(1, NULL, NULL, 10, 1);

-- --------------------------------------------------------

--
-- Table structure for table `book_dis_node_staffs_groups`
--

CREATE TABLE `book_dis_node_staffs_groups` (
  `id` int(10) UNSIGNED NOT NULL,
  `created_at` timestamp NULL DEFAULT NULL,
  `updated_at` timestamp NULL DEFAULT NULL,
  `active` int(11) NOT NULL,
  `node_id` int(10) UNSIGNED NOT NULL,
  `user_id` int(10) UNSIGNED NOT NULL
) ENGINE=InnoDB DEFAULT CHARSET=utf8 COLLATE=utf8_unicode_ci;

-- --------------------------------------------------------

--
-- Table structure for table `book_dis_node_transactions`
--

CREATE TABLE `book_dis_node_transactions` (
  `id` int(10) UNSIGNED NOT NULL,
  `amount` bigint(20) NOT NULL,
  `type` varchar(255) COLLATE utf8_unicode_ci NOT NULL,
  `source_id` bigint(20) NOT NULL,
  `creator_id` int(10) UNSIGNED NOT NULL,
  `created_at` timestamp NULL DEFAULT NULL,
  `updated_at` timestamp NULL DEFAULT NULL
) ENGINE=InnoDB DEFAULT CHARSET=utf8 COLLATE=utf8_unicode_ci;

-- --------------------------------------------------------

--
-- Table structure for table `book_dis_shipments`
--

CREATE TABLE `book_dis_shipments` (
  `id` int(10) UNSIGNED NOT NULL,
  `title` varchar(255) COLLATE utf8_unicode_ci NOT NULL,
  `description` varchar(255) COLLATE utf8_unicode_ci NOT NULL,
  `send_date` date DEFAULT NULL,
  `receive_date` date DEFAULT NULL,
  `from` int(10) UNSIGNED DEFAULT NULL,
  `to` int(10) UNSIGNED DEFAULT NULL,
  `creator_id` int(10) UNSIGNED DEFAULT NULL,
  `created_at` timestamp NULL DEFAULT NULL,
  `updated_at` timestamp NULL DEFAULT NULL,
  `to_beneficiary` int(1) UNSIGNED ZEROFILL NOT NULL,
  `to_beneficiary_type` int(1) UNSIGNED ZEROFILL NOT NULL,
  `project_id` int(10) UNSIGNED DEFAULT NULL
) ENGINE=InnoDB DEFAULT CHARSET=utf8 COLLATE=utf8_unicode_ci;

-- --------------------------------------------------------

--
-- Table structure for table `book_dis_shipment_details`
--

CREATE TABLE `book_dis_shipment_details` (
  `id` int(10) UNSIGNED NOT NULL,
  `total` bigint(20) NOT NULL,
  `grade_id` int(10) UNSIGNED DEFAULT NULL,
  `title_id` int(10) UNSIGNED DEFAULT NULL,
  `language_id` int(10) UNSIGNED DEFAULT NULL,
  `book_dis_shipments_id` int(10) UNSIGNED NOT NULL,
  `created_at` timestamp NULL DEFAULT NULL,
  `updated_at` timestamp NULL DEFAULT NULL
) ENGINE=InnoDB DEFAULT CHARSET=utf8 COLLATE=utf8_unicode_ci;

-- --------------------------------------------------------

--
-- Table structure for table `book_dis_shipment_files`
--

CREATE TABLE `book_dis_shipment_files` (
  `id` int(10) UNSIGNED NOT NULL,
  `title` text COLLATE utf8_unicode_ci NOT NULL,
  `file_url` text COLLATE utf8_unicode_ci NOT NULL,
  `type` int(1) UNSIGNED ZEROFILL NOT NULL,
  `book_dis_shipments_id` int(10) UNSIGNED NOT NULL,
  `created_at` timestamp NULL DEFAULT NULL,
  `updated_at` timestamp NULL DEFAULT NULL
) ENGINE=InnoDB DEFAULT CHARSET=utf8 COLLATE=utf8_unicode_ci;

-- --------------------------------------------------------

--
-- Table structure for table `book_dis_shipment_recieves`
--

CREATE TABLE `book_dis_shipment_recieves` (
  `id` int(10) UNSIGNED NOT NULL,
  `total_safe` bigint(20) NOT NULL,
  `total_general` bigint(20) NOT NULL,
  `damaged` bigint(20) NOT NULL,
  `lost` bigint(20) NOT NULL,
  `created_at` timestamp NULL DEFAULT NULL,
  `updated_at` timestamp NULL DEFAULT NULL,
  `book_dis_shipments_id` int(10) UNSIGNED NOT NULL,
  `receiver_id` int(10) UNSIGNED DEFAULT NULL,
  `received` int(11) NOT NULL DEFAULT '0',
  `receive_date` timestamp NULL DEFAULT NULL
) ENGINE=InnoDB DEFAULT CHARSET=utf8 COLLATE=utf8_unicode_ci;

-- --------------------------------------------------------

--
-- Table structure for table `book_dis_shipment_recieve_details`
--

CREATE TABLE `book_dis_shipment_recieve_details` (
  `id` int(10) UNSIGNED NOT NULL,
  `total` bigint(20) NOT NULL,
  `grade_id` int(10) UNSIGNED DEFAULT NULL,
  `title_id` int(10) UNSIGNED DEFAULT NULL,
  `language_id` int(10) UNSIGNED DEFAULT NULL,
  `book_dis_receive_id` int(10) UNSIGNED NOT NULL,
  `created_at` timestamp NULL DEFAULT NULL,
  `updated_at` timestamp NULL DEFAULT NULL
) ENGINE=InnoDB DEFAULT CHARSET=utf8 COLLATE=utf8_unicode_ci;

-- --------------------------------------------------------

--
-- Table structure for table `book_dis_shipment_recieve_dmgs`
--

CREATE TABLE `book_dis_shipment_recieve_dmgs` (
  `id` int(10) UNSIGNED NOT NULL,
  `total` bigint(20) NOT NULL,
  `grade_id` int(10) UNSIGNED DEFAULT NULL,
  `title_id` int(10) UNSIGNED DEFAULT NULL,
  `language_id` int(10) UNSIGNED DEFAULT NULL,
  `book_dis_receive_id` int(10) UNSIGNED NOT NULL,
  `created_at` timestamp NULL DEFAULT NULL,
  `updated_at` timestamp NULL DEFAULT NULL
) ENGINE=InnoDB DEFAULT CHARSET=utf8 COLLATE=utf8_unicode_ci;

-- --------------------------------------------------------

--
-- Table structure for table `book_dis_shipment_recieve_losts`
--

CREATE TABLE `book_dis_shipment_recieve_losts` (
  `id` int(10) UNSIGNED NOT NULL,
  `total` bigint(20) NOT NULL,
  `grade_id` int(10) UNSIGNED DEFAULT NULL,
  `title_id` int(10) UNSIGNED DEFAULT NULL,
  `language_id` int(10) UNSIGNED DEFAULT NULL,
  `book_dis_receive_id` int(10) UNSIGNED NOT NULL,
  `created_at` timestamp NULL DEFAULT NULL,
  `updated_at` timestamp NULL DEFAULT NULL
) ENGINE=InnoDB DEFAULT CHARSET=utf8 COLLATE=utf8_unicode_ci;

-- --------------------------------------------------------

--
-- Table structure for table `book_dis_title_languages`
--

CREATE TABLE `book_dis_title_languages` (
  `id` int(10) UNSIGNED NOT NULL,
  `title` varchar(255) COLLATE utf8_unicode_ci NOT NULL,
  `description` varchar(255) COLLATE utf8_unicode_ci NOT NULL,
  `code` varchar(255) COLLATE utf8_unicode_ci NOT NULL,
  `created_at` timestamp NULL DEFAULT NULL,
  `updated_at` timestamp NULL DEFAULT NULL
) ENGINE=InnoDB DEFAULT CHARSET=utf8 COLLATE=utf8_unicode_ci;

--
-- Dumping data for table `book_dis_title_languages`
--

INSERT INTO `book_dis_title_languages` (`id`, `title`, `description`, `code`, `created_at`, `updated_at`) VALUES
(1, 'Dari', 'Dari', '1', NULL, NULL),
(2, 'Pashto', 'Pashto', '2', NULL, NULL),
(4, 'Ozbaki', 'Ozbaki', '3', NULL, NULL),
(5, 'Balochi', 'Balochi', '4', NULL, NULL),
(6, 'Pashaee', 'Pashaee', '5', NULL, NULL),
(7, 'Turkmani', 'Turkmani', '6', NULL, NULL),
(8, 'Sheghnani', 'Sheghnani', '7', NULL, NULL),
(9, 'Noorstani', 'Noorstani', '8', NULL, NULL),
(10, 'Vakhani', 'Vakhani', '9', NULL, NULL);

-- --------------------------------------------------------

--
-- Table structure for table `book_requests`
--

CREATE TABLE `book_requests` (
  `id` int(10) UNSIGNED NOT NULL,
  `title` varchar(255) CHARACTER SET utf8 COLLATE utf8_unicode_ci NOT NULL,
  `description` varchar(255) CHARACTER SET utf8 COLLATE utf8_unicode_ci DEFAULT NULL,
  `requested_at` date NOT NULL,
  `request_by_node` int(10) UNSIGNED NOT NULL,
  `request_to_node` int(10) UNSIGNED NOT NULL,
  `created_by` int(10) UNSIGNED NOT NULL,
  `created_at` timestamp NULL DEFAULT NULL,
  `updated_at` timestamp NULL DEFAULT NULL,
  `delivered` bit(1) DEFAULT b'0',
  `delivered_description` varchar(255) DEFAULT NULL,
  `merged` bit(1) DEFAULT b'0',
  `merged_description` varchar(255) DEFAULT NULL,
  `merged_with_request` int(10) UNSIGNED DEFAULT NULL,
  `expected_at` date NOT NULL,
  `approved` bit(1) DEFAULT b'0',
  `approved_description` varchar(255) DEFAULT NULL
) ENGINE=InnoDB DEFAULT CHARSET=utf8;

-- --------------------------------------------------------

--
-- Table structure for table `book_request_details`
--

CREATE TABLE `book_request_details` (
  `id` int(10) UNSIGNED NOT NULL,
  `total` bigint(20) NOT NULL,
  `grade_id` int(10) UNSIGNED NOT NULL,
  `title_id` int(10) UNSIGNED NOT NULL,
  `language_id` int(10) UNSIGNED NOT NULL,
  `book_request_id` int(10) UNSIGNED NOT NULL,
  `created_at` timestamp NULL DEFAULT NULL,
  `updated_at` timestamp NULL DEFAULT NULL
) ENGINE=InnoDB DEFAULT CHARSET=utf8;

-- --------------------------------------------------------

--
-- Table structure for table `book_request_files`
--

CREATE TABLE `book_request_files` (
  `id` int(10) UNSIGNED NOT NULL,
  `title` text CHARACTER SET utf8 COLLATE utf8_unicode_ci NOT NULL,
  `file_url` text CHARACTER SET utf8 COLLATE utf8_unicode_ci NOT NULL,
  `book_request_id` int(10) UNSIGNED NOT NULL,
  `created_at` timestamp NULL DEFAULT NULL,
  `updated_at` timestamp NULL DEFAULT NULL
) ENGINE=InnoDB DEFAULT CHARSET=utf8;

-- --------------------------------------------------------

--
-- Table structure for table `districts`
--

CREATE TABLE `districts` (
  `id` int(10) UNSIGNED NOT NULL,
  `dr_name` varchar(255) COLLATE utf8_unicode_ci NOT NULL,
  `en_name` varchar(255) COLLATE utf8_unicode_ci NOT NULL,
  `created_at` timestamp NULL DEFAULT NULL,
  `updated_at` timestamp NULL DEFAULT NULL,
  `province_id` int(10) UNSIGNED NOT NULL
) ENGINE=InnoDB DEFAULT CHARSET=utf8 COLLATE=utf8_unicode_ci;

--
-- Dumping data for table `districts`
--

INSERT INTO `districts` (`id`, `dr_name`, `en_name`, `created_at`, `updated_at`, `province_id`) VALUES
(1, 'استالف', 'Estalif', NULL, NULL, 1),
(2, 'بگرامی', 'Bagrami', NULL, NULL, 1),
(3, 'قره باغ', 'Qara Bagh', NULL, NULL, 1),
(4, 'کابل', 'Kabul City', NULL, NULL, 1),
(5, 'فرزه', 'Farza', NULL, NULL, 1),
(6, 'پغمان', 'Paghman', NULL, NULL, 1),
(7, 'چهارآسیاب', 'Chahar Asiyab', NULL, NULL, 1),
(8, 'کلکان', 'Kalakan', NULL, NULL, 1),
(9, 'خاک جبار', 'Khak Jabar', NULL, NULL, 1),
(10, 'گلدره', 'Gul Dara', NULL, NULL, 1),
(11, 'موسهی', 'Mosahi', NULL, NULL, 1),
(12, 'ده سبز', 'Deh Sabz', NULL, NULL, 1),
(13, 'سروبی', 'Surobi', NULL, NULL, 1),
(14, ' میربچه کوت', 'Mirbacha Kot', NULL, NULL, 1),
(15, 'شکردره', 'Shakar Dara', NULL, NULL, 1),
(16, 'ادرسکن', 'Adraskan', NULL, NULL, 2),
(17, 'انجیل', 'Injil', NULL, NULL, 2),
(18, 'اوبه', 'Oba', NULL, NULL, 2),
(19, ' پشتون زرغون', 'Pashtun Zarghon', NULL, NULL, 2),
(20, 'چشت شریف', 'Chesht Sharif', NULL, NULL, 2),
(21, 'زنده جان', 'Zinda Jan', NULL, NULL, 2),
(22, 'شیندند', 'Shindand', NULL, NULL, 2),
(23, 'غوریان', 'Ghoryan', NULL, NULL, 2),
(24, 'فارسی', 'Farsi', NULL, NULL, 2),
(25, 'کرخ', 'Karukh', NULL, NULL, 2),
(26, 'کشک', 'Kushk', NULL, NULL, 2),
(27, 'کشک کهنه', 'Kushk Kuhna', NULL, NULL, 2),
(28, 'کهسان', 'Kuhsan', NULL, NULL, 2),
(29, 'گذره', 'Guzara', NULL, NULL, 2),
(30, 'گلران', 'Gulran', NULL, NULL, 2),
(31, 'شهر هرات', 'Herat City', NULL, NULL, 2),
(32, '  کوه صافی ', 'Kohi Safi', NULL, NULL, 3),
(33, 'بگرام  ', 'Baghram', NULL, NULL, 3),
(34, '  جبل سراج  ', 'Jabal Seraj', NULL, NULL, 3),
(35, ' سالنگ   ', 'Salang', NULL, NULL, 3),
(36, '  غوربند   ', 'Ghorband', NULL, NULL, 3),
(37, ' سرخپارسا  ', 'Sorkhparsa', NULL, NULL, 3),
(38, ' شیخ علی   ', 'Shikh Ali', NULL, NULL, 3),
(39, ' شینواری  ', 'Shinwary', NULL, NULL, 3),
(40, 'مرکز', 'City', NULL, NULL, 3),
(41, 'مرکز', 'City', NULL, NULL, 4),
(42, '  حصه اول بهسود ', 'Hisy Awal Bihsood', NULL, NULL, 4),
(43, ' سید آباد ', 'Sayed Abad', NULL, NULL, 4),
(44, ' نرخ   ', 'Nerkh', NULL, NULL, 4),
(45, '  چغتو ', 'Cheghato', NULL, NULL, 4),
(46, '  دای میرداد  ', 'Diymirdad', NULL, NULL, 4),
(47, ' بهسود  ', 'Behsood', NULL, NULL, 4),
(48, ' جلریز  ', 'Jalriz', NULL, NULL, 4),
(49, '  چک  ', 'Chack', NULL, NULL, 4),
(51, ' محمد آغه ', 'Mohammad Agha', NULL, NULL, 5),
(52, '  چرخ  ', 'Charkh', NULL, NULL, 5),
(53, '  ارزو  ', 'Arzo', NULL, NULL, 5),
(54, '  خوشی   ', 'Khoshi', NULL, NULL, 5),
(55, '  خروار  ', 'Kharwar', NULL, NULL, 5),
(56, '  برکی  ', 'Burky', NULL, NULL, 5),
(57, 'مرکز', 'Ghazni Center', NULL, NULL, 6),
(58, 'جاغوری', 'Jaghori', NULL, NULL, 6),
(59, 'قره باغ', 'Qarabagh', NULL, NULL, 6),
(60, 'مالستان', 'Malistan', NULL, NULL, 6),
(61, 'اندر', 'Andar', NULL, NULL, 6),
(62, 'چغتو', 'Jeghatu', NULL, NULL, 6),
(63, '  خواجه عمری', 'Khaja Omary', NULL, NULL, 6),
(64, 'ده یک', 'Deh Yak', NULL, NULL, 6),
(65, 'زنخان', 'Zinkhan', NULL, NULL, 6),
(66, 'گیرو', 'Geroo', NULL, NULL, 6),
(67, 'گیلان', 'Geelan', NULL, NULL, 6),
(68, 'مقر', 'Moqur', NULL, NULL, 6),
(69, 'ناهور', 'Nahoor', NULL, NULL, 6),
(70, 'ناوه', 'Nawah', NULL, NULL, 6),
(71, 'واغظ', 'Waghiz', NULL, NULL, 6),
(72, 'آبند', 'Aband', NULL, NULL, 6),
(73, 'ارجستان', 'Arjistan', NULL, NULL, 6),
(74, 'رشیدان', 'Rashidan', NULL, NULL, 6),
(75, 'مرکز', 'City', NULL, NULL, 7),
(76, '  احمد خیل  ', 'Ahmad Khil', NULL, NULL, 7),
(77, '  جاجی  ', 'Jaji', NULL, NULL, 7),
(78, '  جانی خیل  ', 'Jani Khil', NULL, NULL, 7),
(79, '  چمکنی  ', 'Chamkany', NULL, NULL, 7),
(80, '  ذدران  ', 'Nidran', NULL, NULL, 7),
(81, '  دندپتان  ', 'Danditan', NULL, NULL, 7),
(82, '  زرمت  ', 'Zarmat', NULL, NULL, 7),
(83, '  سیدکرم  ', 'Sayed Karam', NULL, NULL, 7),
(84, '  شیواک  ', 'Shiwak', NULL, NULL, 7),
(85, '  احمد آباد ', 'Ahmad Abad', NULL, NULL, 7),
(86, 'مرکز', 'City', NULL, NULL, 8),
(87, 'ارچین', 'Archin', NULL, NULL, 8),
(88, 'بتی کوت', 'Baty Koot', NULL, NULL, 8),
(89, 'بهسود', 'Bihsoud', NULL, NULL, 8),
(90, 'دره نور', 'Darah Noor', NULL, NULL, 8),
(91, 'ده بالا', 'Deeh Bala', NULL, NULL, 8),
(92, ' در بابا', 'Door Baba', NULL, NULL, 8),
(93, 'غنی خیل', 'Ghani Khil', NULL, NULL, 8),
(94, 'کشته', 'Kushta', NULL, NULL, 8),
(95, 'حصارک', 'Hisarak', NULL, NULL, 8),
(96, 'کامه', 'Kama', NULL, NULL, 8),
(97, 'کوز کنر', 'Kuz Konar', NULL, NULL, 8),
(98, 'خوگیانی', 'Khugyani', NULL, NULL, 8),
(99, 'کوت', 'Koot', NULL, NULL, 8),
(100, 'لعل پوره', 'Lal Poora', NULL, NULL, 8),
(101, 'مهمند دره', 'Mohmand Dara', NULL, NULL, 8),
(102, 'نازیان', 'Naziyan', NULL, NULL, 8),
(103, 'پچیراگام', 'Yicher Agham', NULL, NULL, 8),
(104, 'رودات', 'Rudat', NULL, NULL, 8),
(105, 'شیرزاد', 'Shirzad', NULL, NULL, 8),
(106, 'سخرود', 'Sokhroud', NULL, NULL, 8),
(107, 'مرکز', 'City', NULL, NULL, 9),
(108, 'علینگار', 'Alinegar', NULL, NULL, 9),
(109, 'علیشینگ', 'Alishing', NULL, NULL, 9),
(110, 'دولت شاه', 'Dowlat Shah', NULL, NULL, 9),
(111, 'قرغه ئی', 'Qargha-e', NULL, NULL, 9),
(112, 'مرکز', 'City', NULL, NULL, 10),
(113, 'برکنر  ', 'Bar Kunar', NULL, NULL, 10),
(114, ' چپ دره  ', 'Chab Darah', NULL, NULL, 10),
(115, ' چوکی    ', 'Chawky', NULL, NULL, 10),
(116, 'دنگم   ', 'Danghom', NULL, NULL, 10),
(117, 'دره پیج   ', 'Darah Pich', NULL, NULL, 10),
(118, 'خاص   ', 'Khas', NULL, NULL, 10),
(119, ' مرواره   ', 'Marwarah', NULL, NULL, 10),
(120, ' نرن   ', 'Naran', NULL, NULL, 10),
(121, ' نری     ', 'Nary', NULL, NULL, 10),
(122, 'نورگل   ', 'Noorgul', NULL, NULL, 10),
(123, ' سرکانی   ', 'Sarkani', NULL, NULL, 10),
(124, ' شیگل    ', 'Shighal', NULL, NULL, 10),
(125, ' واته پور   ', 'Wata Poor', NULL, NULL, 10),
(126, 'مرکز', 'City', NULL, NULL, 11),
(127, ' ارگو  ', 'Aurgo', NULL, NULL, 11),
(128, '   اشکاشم  ', 'Ashkashim', NULL, NULL, 11),
(129, ' بهارک  ', 'Baharak', NULL, NULL, 11),
(130, '  درائم  ', 'Darayim', NULL, NULL, 11),
(131, ' درواز بالا ', 'Darwaz Bala', NULL, NULL, 11),
(132, ' درواز پایان  ', 'Darwazi Payin', NULL, NULL, 11),
(133, ' جرم  ', 'Jurm', NULL, NULL, 11),
(134, '  کران منجان  ', 'Kiran Minjan', NULL, NULL, 11),
(135, '  کشم  ', 'Kishm', NULL, NULL, 11),
(136, ' خاش  ', 'Khash', NULL, NULL, 11),
(137, ' خواهان   ', 'Khahan', NULL, NULL, 11),
(138, '  کوهستان ', 'Kohistan', NULL, NULL, 11),
(139, ' کوفاب  ', 'Kufab', NULL, NULL, 11),
(140, ' راغستان  ', 'Raghistan', NULL, NULL, 11),
(141, ' شهر بزرگ  ', 'Big City', NULL, NULL, 11),
(142, ' شیگی  ', 'Shigy', NULL, NULL, 11),
(143, ' شغنان   ', 'Shighnan', NULL, NULL, 11),
(144, 'شهدا  ', 'Shuhada', NULL, NULL, 11),
(145, ' تگاب   ', 'Tagab', NULL, NULL, 11),
(146, ' تشکان  ', 'Tishkan', NULL, NULL, 11),
(147, ' واخان  ', 'Wakhan', NULL, NULL, 11),
(148, 'وردوج   ', 'Wardoj', NULL, NULL, 11),
(149, ' یفتل  ', 'Yaftal', NULL, NULL, 11),
(150, '  یمگان   ', 'Yamghan', NULL, NULL, 11),
(151, 'یاوان راغ  ', 'Yawan Ragh', NULL, NULL, 11),
(152, ' زیباک  ', 'Zibak', NULL, NULL, 11),
(153, 'ارگنج خواه   ', 'Arghinj Khah', NULL, NULL, 11),
(154, 'مرکز', 'City', NULL, NULL, 12),
(155, 'بنگی   ', 'Bangy', NULL, NULL, 12),
(156, 'چال   ', 'Chal', NULL, NULL, 12),
(157, 'چاب   ', 'Chab', NULL, NULL, 12),
(158, 'درقد   ', 'Darqad', NULL, NULL, 12),
(159, 'دشت قلعه   ', 'Dasht Qala', NULL, NULL, 12),
(160, 'فرخار   ', 'Farkhar', NULL, NULL, 12),
(161, 'هزار سمچ   ', 'Hazar Simich', NULL, NULL, 12),
(162, 'کلفگان   ', 'Kelifghan', NULL, NULL, 12),
(163, 'خواجه بهاوالدین    ', 'Khaja Bahawodin', NULL, NULL, 12),
(164, 'خواجه غار   ', 'Khaja Ghar', NULL, NULL, 12),
(165, 'نمک اب   ', 'Namakab', NULL, NULL, 12),
(166, 'رستاق    ', 'Rastaq', NULL, NULL, 12),
(167, ' ورسج    ', 'Warsaj', NULL, NULL, 12),
(168, 'ینگی قلعه    ', 'Yangi Qala', NULL, NULL, 12),
(169, 'اشکمش  ', 'Eshkimish', NULL, NULL, 12),
(170, 'بهارک  ', 'Baharak', NULL, NULL, 12),
(171, 'مرکز', 'City', NULL, NULL, 13),
(172, 'اندراب', 'Andarab', NULL, NULL, 13),
(173, ' بغلان جدید', 'New Baghlan', NULL, NULL, 13),
(174, 'بورکه', 'Burka', NULL, NULL, 13),
(175, 'دهنه غوری', 'Dahani Ghoori', NULL, NULL, 13),
(176, ' ده صلاح', 'Deh Salah', NULL, NULL, 13),
(177, 'دوشی', 'Doshi', NULL, NULL, 13),
(178, 'فرنگ و غارو', 'Farangoo Gharo', NULL, NULL, 13),
(179, 'گذرگاه نور', 'Gozargah Noor', NULL, NULL, 13),
(180, 'خنجان', 'Khinjan', NULL, NULL, 13),
(181, 'خوست فرنگ', 'Khust Farangh', NULL, NULL, 13),
(182, ' خواجه هجران', 'Khaja Hijran', NULL, NULL, 13),
(183, 'نهرین', 'Nahrin', NULL, NULL, 13),
(184, 'پل حصار', 'Pul Hisar', NULL, NULL, 13),
(185, ' تاله و برفک', 'Tala-o-barfak', NULL, NULL, 13),
(186, 'مرکز', 'City', NULL, NULL, 14),
(187, ' علی آباد', 'Ali Abad', NULL, NULL, 14),
(188, 'چاردره', 'Chardarah', NULL, NULL, 14),
(189, ' دشت ارچی', 'Dasht Archi', NULL, NULL, 14),
(190, '  امام صاحب', 'Imam Sahib', NULL, NULL, 14),
(191, 'خان آباد', 'Khan Abad', NULL, NULL, 14),
(192, ' قلعه ذال', 'Qalayi Zal', NULL, NULL, 14),
(193, 'مرکز', 'City', NULL, NULL, 15),
(194, ' دره صوف سفلی ', 'Darah Soph Sofla', NULL, NULL, 15),
(195, ' دره صوف بالا ', 'Darah Soph Bala', NULL, NULL, 15),
(196, 'حضرت سلطان  ', 'Hazrat Sultan', NULL, NULL, 15),
(197, 'فیروز نخشی ', 'Firuz Naghshi', NULL, NULL, 15),
(198, ' روی دوآب ', 'Royi Doab', NULL, NULL, 15),
(199, ' خرم سارباغ', 'Khoram Sarbagh', NULL, NULL, 15),
(200, 'مرکز', 'City', NULL, NULL, 16),
(201, 'نهر شاهی', 'Nahri Shahi', NULL, NULL, 16),
(202, 'دهدای', 'Dehdy', NULL, NULL, 16),
(203, 'کلدار', 'Kaldar', NULL, NULL, 16),
(204, 'مارمول', 'Marmul', NULL, NULL, 16),
(205, 'شولگره', 'Shulgarah', NULL, NULL, 16),
(206, 'حیرتان', 'Hayratan', NULL, NULL, 16),
(207, 'کشنده', 'Kashinda', NULL, NULL, 16),
(208, 'بلخ', 'Balkh', NULL, NULL, 16),
(209, ' دولت اباد', 'Dawlat Abad', NULL, NULL, 16),
(210, 'تاشقرغان', 'Tashqaran', NULL, NULL, 16),
(211, 'چارکنت', 'Charkent', NULL, NULL, 16),
(212, 'چمتال', 'Chemtal', NULL, NULL, 16),
(213, 'چاربولک', 'Charbulak', NULL, NULL, 16),
(214, 'زارع', 'Zarih', NULL, NULL, 16),
(215, 'شورتیپه', 'Shurtiba', NULL, NULL, 16),
(216, 'مرکز', 'City', NULL, NULL, 17),
(217, 'آقچه ', 'Aqchah', NULL, NULL, 17),
(218, 'مردیان ', 'Mardiyan', NULL, NULL, 17),
(219, 'منگه جگ ', 'Mangha Jag', NULL, NULL, 17),
(220, 'قوش تیپه ', 'Khushtipah', NULL, NULL, 17),
(221, 'فیض آباد ', 'Faiz Abad', NULL, NULL, 17),
(222, 'خان آقا', 'Khan Aqa', NULL, NULL, 17),
(223, ' خماب ', 'Khamab', NULL, NULL, 17),
(224, ' قرقین ', 'Qarqin', NULL, NULL, 17),
(225, ' درزاب ', 'Darzab', NULL, NULL, 17),
(226, 'خواجه دو کو', 'Khajadoku', NULL, NULL, 17),
(227, 'شبرغان', 'Shibirghan', NULL, NULL, 17),
(228, 'پشتون کوت', 'Pashton Koot', NULL, NULL, 18),
(229, 'قیصار', 'Qaysar', NULL, NULL, 18),
(230, 'المار', 'Almar', NULL, NULL, 18),
(231, 'گرزیوان', 'Gharziwan', NULL, NULL, 18),
(232, 'کوهستان', 'Kuhistan', NULL, NULL, 18),
(233, 'شیرین تگاب', 'Shirin Taghab', NULL, NULL, 18),
(234, 'خواجه سبز پوش', 'Khaja Sabz Push', NULL, NULL, 18),
(235, 'دولت آباد', 'Dawlat Abad', NULL, NULL, 18),
(236, 'اندخوی', 'Andkhoy', NULL, NULL, 18),
(237, ' خان چار باغ', 'Khan Char Bagh', NULL, NULL, 18),
(238, 'بلچراغ', 'Bulcharagh', NULL, NULL, 18),
(239, 'قرغان', 'Qurghan', NULL, NULL, 18),
(240, ' قرم قل', 'Quram Qul', NULL, NULL, 18),
(241, 'غورماچ', 'Ghormach', NULL, NULL, 18),
(242, 'مرکز', 'City', NULL, NULL, 18),
(243, 'مرکز', 'City', NULL, NULL, 19),
(244, ' آب کمر', 'Abi Kamar', NULL, NULL, 19),
(245, 'جوند', 'Jond', NULL, NULL, 19),
(246, 'مقر', 'Moqur', NULL, NULL, 19),
(247, 'مرغاب', 'Moorghab', NULL, NULL, 19),
(248, 'قادیس', 'Qadis', NULL, NULL, 19),
(249, 'مرکز', 'City', NULL, NULL, 20),
(250, 'خاک سفید', 'Khak Safid', NULL, NULL, 20),
(251, 'قلعه کا', 'Qalayi Ka', NULL, NULL, 20),
(252, 'بکواه', 'Bakwah', NULL, NULL, 20),
(253, 'پشت رود', 'Pusht Rud', NULL, NULL, 20),
(254, 'پرچمن', 'Parchaman', NULL, NULL, 20),
(255, 'لش جوند', 'Lash Jond', NULL, NULL, 20),
(256, 'بالا بلوک', 'Bala Boluk', NULL, NULL, 20),
(257, 'مرکز', 'City', NULL, NULL, 21),
(258, ' چار برجک', 'Char Boorjack', NULL, NULL, 21),
(259, 'خاش ', 'Khash', NULL, NULL, 21),
(260, 'چخانسور', 'Chakhansoor', NULL, NULL, 21),
(261, 'گنگ', 'Gang', NULL, NULL, 21),
(262, 'مرکز', 'City', NULL, NULL, 22),
(263, 'ناد علی', 'Nad Ali', NULL, NULL, 22),
(264, 'ناوه', 'Nawah', NULL, NULL, 22),
(265, 'نهر سراج', 'Nahri Siraj', NULL, NULL, 22),
(266, 'دیشو', 'Dishu', NULL, NULL, 22),
(267, 'گرمسیر', 'Grimsir', NULL, NULL, 22),
(268, 'موسی قلعه', 'Musa Qalah', NULL, NULL, 22),
(269, 'نوزاد', 'Nawzad', NULL, NULL, 22),
(270, 'واشیر', 'Washir', NULL, NULL, 22),
(271, 'سنگین', 'Sangin', NULL, NULL, 22),
(272, 'ریگ', 'Rig', NULL, NULL, 22),
(273, 'باغران', 'Baghran', NULL, NULL, 22),
(274, 'شهر کندهار', 'Kandahar City', NULL, NULL, 23),
(275, 'دامان', 'Daman', NULL, NULL, 23),
(276, 'ارغنداب', 'Arghandab', NULL, NULL, 23),
(277, 'پنچوائی', 'Panchwayi', NULL, NULL, 23),
(278, 'دند', 'Dand', NULL, NULL, 23),
(279, 'میوند', 'Maywand', NULL, NULL, 23),
(280, 'زیری', 'Ziry', NULL, NULL, 23),
(281, 'بولدک', 'Buldak', NULL, NULL, 23),
(282, 'خاکریز', 'Khakriz', NULL, NULL, 23),
(283, 'شاولی کوت', 'Shawali Koot', NULL, NULL, 23),
(284, 'شیگه', 'Shigha', NULL, NULL, 23),
(285, 'ارغستان', 'Arghistan', NULL, NULL, 23),
(286, 'غورک', 'Ghorak', NULL, NULL, 23),
(287, 'شورابک', 'Shurabak', NULL, NULL, 23),
(288, 'میانشین', 'Miyanshin', NULL, NULL, 23),
(289, 'مرکز', 'City', NULL, NULL, 24),
(290, 'شهر صفا', 'Safa City', NULL, NULL, 24),
(291, 'دایچوپان ', 'Daychupan', NULL, NULL, 24),
(292, 'جلدک ', 'Jildak', NULL, NULL, 24),
(293, 'شاجوی ', 'Shajuy', NULL, NULL, 24),
(294, 'شملزی', 'Shamalzy', NULL, NULL, 24),
(295, ' شینکی ', 'Shinky', NULL, NULL, 24),
(296, 'کاکر ', 'Kakar', NULL, NULL, 24),
(297, 'میزان ', 'Mizan', NULL, NULL, 24),
(298, 'تغر ', 'Taghz', NULL, NULL, 24),
(299, ' ازغنداب', 'Arghandab', NULL, NULL, 24),
(300, ' دهراود', 'Dehrawood', NULL, NULL, 25),
(301, ' نش ', 'Nash', NULL, NULL, 25),
(302, ' خاص', 'Khas', NULL, NULL, 25),
(303, 'حصص', 'Hisas', NULL, NULL, 25),
(304, 'چوره', 'Chorah', NULL, NULL, 25),
(305, 'مرکز', 'City', NULL, NULL, 26),
(306, ' چهارصدا ', 'Charsada', NULL, NULL, 26),
(307, 'شهرک ', 'Shahrak', NULL, NULL, 26),
(308, 'لعل وسرجنگل', 'Lalusarijanghal', NULL, NULL, 26),
(309, 'دولت یار', 'Dawlat Yar', NULL, NULL, 26),
(310, 'دو لینه ', 'Dolinah', NULL, NULL, 26),
(311, 'ساغر ', 'Saghar', NULL, NULL, 26),
(312, 'تی وره ', 'Tywarah', NULL, NULL, 26),
(313, 'پسابند ', 'Pasaband', NULL, NULL, 26),
(314, 'تولک', 'Tolak', NULL, NULL, 26),
(315, 'مرکز', 'Bamyan City', NULL, NULL, 27),
(316, 'سیغان', 'Sayghan', NULL, NULL, 27),
(317, 'کهمرد', 'Kahmard', NULL, NULL, 27),
(318, 'پنچاب', 'Panjab', NULL, NULL, 27),
(319, 'ورس', 'Waras', NULL, NULL, 27),
(320, 'شیبر', 'Shibar', NULL, NULL, 27),
(321, 'یکاولنگ', 'Yakawalangh', NULL, NULL, 27),
(322, 'مرکز', 'City', NULL, NULL, 28),
(323, ' اورگون', 'Aurgoon', NULL, NULL, 28),
(324, 'سر حوزه ', 'Sarihawza', NULL, NULL, 28),
(325, 'کومل  ', 'Kumal', NULL, NULL, 28),
(326, 'مرکز', 'City', NULL, NULL, 29),
(327, ' برگ متل   ', 'Bargmatal', NULL, NULL, 29),
(328, ' دو اب ', 'Doab', NULL, NULL, 29),
(329, 'کامدیش', 'Kamdish', NULL, NULL, 29),
(330, 'مندول ', 'Mandool', NULL, NULL, 29),
(331, ' نورگران', 'Noorgaran', NULL, NULL, 29),
(332, ' وایگل', 'Wayghal', NULL, NULL, 29),
(333, ' واله', 'Walah', NULL, NULL, 29),
(334, 'مرکز', 'City', NULL, NULL, 30),
(335, 'بلخاب  ', 'Balkhab', NULL, NULL, 30),
(336, ' کوهستانات ', 'Kohistanat', NULL, NULL, 30),
(337, 'سنچارک  ', 'Sancharak', NULL, NULL, 30),
(338, ' سوزمه قلعه  ', 'Sozma Qalah', NULL, NULL, 30),
(339, ' صیاد  ', 'Sayad', NULL, NULL, 30),
(340, 'گوسفندی  ', 'Gosfandy', NULL, NULL, 30),
(341, 'اسماعیل خیل  ', 'Ismail Khil', NULL, NULL, 30),
(342, 'مرکز', 'City', NULL, NULL, 31),
(343, ' بک   ', 'Bak', NULL, NULL, 31),
(344, 'تنی  ', 'Tany', NULL, NULL, 31),
(345, '  جاجی  ', 'Jajy', NULL, NULL, 31),
(346, ' سپیره  ', 'Espirah', NULL, NULL, 31),
(347, ' صبری  ', 'Sabri', NULL, NULL, 31),
(348, ' قلندر   ', 'Qalandar', NULL, NULL, 31),
(349, 'گردیز  ', 'Gardiz', NULL, NULL, 31),
(350, 'نادرشاهکوت  ', 'Nadirshahkoot', NULL, NULL, 31),
(351, 'شیمیل   ', 'Shimil', NULL, NULL, 31),
(352, 'موسی خیل ', 'Musa Khil', NULL, NULL, 31),
(353, 'مرکز', 'City', NULL, NULL, 32),
(354, ' آنابه   ', 'Anabah', NULL, NULL, 32),
(355, 'پریان   ', 'Paryan', NULL, NULL, 32),
(356, ' رخه   ', 'Rokhah', NULL, NULL, 32),
(357, 'حصه اول   ', 'Hisi Awal', NULL, NULL, 32),
(358, 'شتل   ', 'Shatal', NULL, NULL, 32),
(359, 'دره  ', 'Darah', NULL, NULL, 32),
(360, 'مرکز', 'City', NULL, NULL, 33),
(361, ' کجران   ', 'Kijran', NULL, NULL, 33),
(362, ' خیدر  ', 'Khidir', NULL, NULL, 33),
(363, 'میرامور  ', 'Miramoor', NULL, NULL, 33),
(364, ' شهرستان  ', 'Shahristan', NULL, NULL, 33),
(365, 'سنگ تخت   ', 'Sangtakht', NULL, NULL, 33),
(366, ' اشترلی  ', 'Ashtarly', NULL, NULL, 33),
(367, 'گیتی   ', 'Gity', NULL, NULL, 33),
(368, ' گیزاب   ', 'Gizab', NULL, NULL, 33),
(369, 'مرکز', 'City', NULL, NULL, 34),
(370, 'حصه دو ', 'Hisi Duwom', NULL, NULL, 34),
(371, '  کوهبند ', 'Koohband', NULL, NULL, 34),
(372, ' نجراب  ', 'Nejrab', NULL, NULL, 34),
(373, 'کوهستان', 'Kohistan', NULL, NULL, 34),
(374, 'محترلم', 'Mehtarlam', NULL, NULL, 9),
(375, 'بل اعلم ', 'Pul Alam', NULL, NULL, 5),
(376, 'ترینکوت', 'Trinkut', NULL, NULL, 25),
(377, 'ناحیه ۱', 'PD 1', NULL, NULL, 1),
(378, 'ناحیه ۲', 'PD 2', NULL, NULL, 1),
(379, 'ناحیه ۳', 'PD 3', NULL, NULL, 1),
(380, 'ناحیه ۴', 'PD 4', NULL, NULL, 1),
(381, 'ناحیه ۵', 'PD 5', NULL, NULL, 1),
(382, 'ناحیه ۶', 'PD 6', NULL, NULL, 1),
(383, 'ناحیه ۷', 'PD 7', NULL, NULL, 1),
(384, 'ناحیه ۸', 'PD 8', NULL, NULL, 1),
(385, 'ناحیه ۹', 'PD 9', NULL, NULL, 1),
(386, 'ناحیه ۱۰', 'PD 10', NULL, NULL, 1),
(387, 'ناحیه ۱۱', 'PD 11', NULL, NULL, 1),
(388, 'ناحیه ۱۲', 'PD 12', NULL, NULL, 1),
(389, 'ناحیه ۱۳', 'PD 13', NULL, NULL, 1),
(390, 'ناحیه ۱۴', 'PD 14', NULL, NULL, 1),
(391, 'ناحیه ۱۵', 'PD 15', NULL, NULL, 1),
(392, 'ناحیه ۱۶', 'PD 16', NULL, NULL, 1),
(393, 'ناحیه ۱۷', 'PD 17', NULL, NULL, 1),
(394, 'تگاب', 'Tagab', NULL, NULL, 34),
(395, 'الاسی', 'Ala Saay', NULL, NULL, 34),
(396, 'محمود رقی', 'Mahmud Raqi', NULL, NULL, 34),
(397, 'اسد اباد', 'Asad Abad', NULL, NULL, 10),
(399, 'غازی اباد', 'Ghaziabad', NULL, NULL, 10),
(400, 'گردیز', 'Gardiz', NULL, NULL, 7),
(401, 'لجا منگل', 'Lazha Mangal', NULL, NULL, 7),
(402, 'گرده سره', 'Gerda Serai', NULL, NULL, 7),
(404, 'سید خیل', 'Sayed Khail', NULL, NULL, 3),
(405, 'میدان شهر', 'Maidan Shar', NULL, NULL, 4),
(406, 'چبرهار', 'Chaparhar', NULL, NULL, 8),
(407, 'باد بخ', 'Badpakh', NULL, NULL, 9),
(408, 'فیض اباد', 'Fayz Abad', NULL, NULL, 11),
(409, 'نسی', 'Nasi', NULL, NULL, 11);

-- --------------------------------------------------------

--
-- Table structure for table `lcc_permissions`
--

CREATE TABLE `lcc_permissions` (
  `id` int(10) UNSIGNED NOT NULL,
  `name` varchar(255) COLLATE utf8_unicode_ci NOT NULL,
  `display_name` varchar(255) COLLATE utf8_unicode_ci DEFAULT NULL,
  `description` varchar(255) COLLATE utf8_unicode_ci DEFAULT NULL,
  `created_at` timestamp NULL DEFAULT NULL,
  `updated_at` timestamp NULL DEFAULT NULL
) ENGINE=InnoDB DEFAULT CHARSET=utf8 COLLATE=utf8_unicode_ci;

--
-- Dumping data for table `lcc_permissions`
--

INSERT INTO `lcc_permissions` (`id`, `name`, `display_name`, `description`, `created_at`, `updated_at`) VALUES
(1, 'create', 'Create', 'Permission To Create An Object Of A Resource.', '2016-11-09 04:40:46', '2016-11-09 04:40:46'),
(2, 'read', 'Read', 'Permission To View A Resource.', '2016-11-09 04:40:46', '2016-11-09 04:40:46'),
(3, 'update', 'Update', 'Permission To Update An Object Of A Resource.', '2016-11-09 04:40:46', '2016-11-09 04:40:46'),
(4, 'delete', 'Delete', 'Permission To Delete An Object Of A Resource.', '2016-11-09 04:40:46', '2016-11-09 04:40:46'),
(5, 'show', 'show', 'show', '2016-11-09 07:51:22', '2016-11-09 07:51:22'),
(6, 'approve_training', 'training approve', 'this is a role which makes the holder able to see the approve link in sidebar ', '2017-07-04 11:02:08', '2017-07-04 11:02:08');

-- --------------------------------------------------------

--
-- Table structure for table `lcc_resourcepermissions`
--

CREATE TABLE `lcc_resourcepermissions` (
  `id` int(10) UNSIGNED NOT NULL,
  `permission_id` int(10) UNSIGNED DEFAULT NULL,
  `resource_id` int(10) UNSIGNED DEFAULT NULL,
  `parent_id` int(11) DEFAULT NULL
) ENGINE=InnoDB DEFAULT CHARSET=utf8 COLLATE=utf8_unicode_ci;

--
-- Dumping data for table `lcc_resourcepermissions`
--

INSERT INTO `lcc_resourcepermissions` (`id`, `permission_id`, `resource_id`, `parent_id`) VALUES
(131, 1, 38, NULL),
(132, 2, 38, NULL),
(133, 3, 38, NULL),
(134, 1, 39, NULL),
(135, 2, 39, NULL),
(136, 3, 39, NULL);

-- --------------------------------------------------------

--
-- Table structure for table `lcc_resourcepermission_role`
--

CREATE TABLE `lcc_resourcepermission_role` (
  `resourcepermission_id` int(10) UNSIGNED DEFAULT NULL,
  `role_id` int(10) UNSIGNED DEFAULT NULL,
  `parent_id` int(11) DEFAULT NULL
) ENGINE=InnoDB DEFAULT CHARSET=utf8 COLLATE=utf8_unicode_ci;

--
-- Dumping data for table `lcc_resourcepermission_role`
--

INSERT INTO `lcc_resourcepermission_role` (`resourcepermission_id`, `role_id`, `parent_id`) VALUES
(134, 22, NULL),
(135, 22, NULL),
(136, 22, NULL),
(131, 21, NULL),
(132, 21, NULL),
(133, 21, NULL);

-- --------------------------------------------------------

--
-- Table structure for table `lcc_resourcerelations`
--

CREATE TABLE `lcc_resourcerelations` (
  `resource_id` int(10) UNSIGNED DEFAULT NULL,
  `child_id` int(10) UNSIGNED DEFAULT NULL,
  `pivot` varchar(255) COLLATE utf8_unicode_ci DEFAULT NULL
) ENGINE=InnoDB DEFAULT CHARSET=utf8 COLLATE=utf8_unicode_ci;

-- --------------------------------------------------------

--
-- Table structure for table `lcc_resources`
--

CREATE TABLE `lcc_resources` (
  `id` int(10) UNSIGNED NOT NULL,
  `created_at` timestamp NULL DEFAULT NULL,
  `updated_at` timestamp NULL DEFAULT NULL,
  `name` varchar(255) COLLATE utf8_unicode_ci NOT NULL,
  `display_name_en` varchar(255) COLLATE utf8_unicode_ci NOT NULL,
  `display_name_pa` varchar(255) COLLATE utf8_unicode_ci NOT NULL,
  `display_name_pr` varchar(255) COLLATE utf8_unicode_ci NOT NULL,
  `table_name` varchar(255) COLLATE utf8_unicode_ci NOT NULL,
  `model_name` varchar(255) COLLATE utf8_unicode_ci NOT NULL,
  `icon_class` varchar(255) COLLATE utf8_unicode_ci DEFAULT NULL,
  `in_sidemenu` tinyint(4) DEFAULT NULL,
  `is_reportable` tinyint(4) DEFAULT NULL
) ENGINE=InnoDB DEFAULT CHARSET=utf8 COLLATE=utf8_unicode_ci;

--
-- Dumping data for table `lcc_resources`
--

INSERT INTO `lcc_resources` (`id`, `created_at`, `updated_at`, `name`, `display_name_en`, `display_name_pa`, `display_name_pr`, `table_name`, `model_name`, `icon_class`, `in_sidemenu`, `is_reportable`) VALUES
(38, '2018-04-04 04:54:16', '2018-04-04 04:54:16', 'book_distribution_staff', 'book_distribution_staff', 'book_distribution_staff', 'book_distribution_staff', 'book_distribution_staff', 'book_distribution_staff', 'book_distribution_staff', 1, 1),
(39, '2018-04-04 04:54:32', '2018-04-04 04:54:32', 'book_dis_admin', 'book_dis_admin', 'book_dis_admin', 'book_dis_admin', 'book_dis_admin', 'book_dis_admin', '', 1, 1);

-- --------------------------------------------------------

--
-- Table structure for table `lcc_roles`
--

CREATE TABLE `lcc_roles` (
  `id` int(10) UNSIGNED NOT NULL,
  `name` varchar(255) COLLATE utf8_unicode_ci NOT NULL,
  `display_name` varchar(255) COLLATE utf8_unicode_ci DEFAULT NULL,
  `description` varchar(255) COLLATE utf8_unicode_ci DEFAULT NULL,
  `created_at` timestamp NULL DEFAULT NULL,
  `updated_at` timestamp NULL DEFAULT NULL
) ENGINE=InnoDB DEFAULT CHARSET=utf8 COLLATE=utf8_unicode_ci;

--
-- Dumping data for table `lcc_roles`
--

INSERT INTO `lcc_roles` (`id`, `name`, `display_name`, `description`, `created_at`, `updated_at`) VALUES
(21, 'book_distribution_staff', 'book_distribution_staff', 'book_distribution_staff', '2018-02-20 05:25:30', '2018-02-20 05:25:30'),
(22, 'book_dis_admin', 'book_dis_admin', 'book_dis_admin', '2018-04-12 08:52:02', '2018-04-12 08:52:02');

-- --------------------------------------------------------

--
-- Table structure for table `lcc_role_user`
--

CREATE TABLE `lcc_role_user` (
  `user_id` int(10) UNSIGNED NOT NULL,
  `role_id` int(10) UNSIGNED NOT NULL
) ENGINE=InnoDB DEFAULT CHARSET=utf8 COLLATE=utf8_unicode_ci;

--
-- Dumping data for table `lcc_role_user`
--

INSERT INTO `lcc_role_user` (`user_id`, `role_id`) VALUES
(92, 21);

-- --------------------------------------------------------

--
-- Table structure for table `migrations`
--

CREATE TABLE `migrations` (
  `migration` varchar(255) COLLATE utf8_unicode_ci NOT NULL,
  `batch` int(11) NOT NULL
) ENGINE=InnoDB DEFAULT CHARSET=utf8 COLLATE=utf8_unicode_ci;

--
-- Dumping data for table `migrations`
--

INSERT INTO `migrations` (`migration`, `batch`) VALUES
('2014_10_12_000000_create_users_table', 1),
('2014_10_12_100000_create_password_resets_table', 1),
('2017_02_19_010423_create_book_dis_node_levels_table', 41),
('2017_02_19_020423_create_book_dis_nodes_table', 42),
('2017_02_19_030123_create_book_dis_node_staffs', 43),
('2017_02_19_010323_create_book_dis_title_languages_table', 44),
('2017_02_19_010223_create_book_dis_meta_grades_table', 45),
('2017_02_19_010320_create_book_dis_meta_titles_table', 45),
('2017_02_19_030124_create_book_dis_shipments_table', 46),
('2017_02_19_030125_create_book_dis_shipment_details_table', 46),
('2017_02_19_030225_create_book_dis_shipment_recieves_table', 47),
('2017_02_19_040119_create_book_dis_node_transactions_table', 48),
('2017_02_19_040120_create_book_dis_node_balances_table', 48),
('2017_02_19_040121_create_book_dis_meta_vendors_table', 49),
('2017_02_19_040122_create_book_dis_receipts_table', 50),
('2017_02_19_040123_create_book_dis_receipt_details_table', 50),
('2017_02_19_040124_create_book_dis_shipment_recieve_details_table', 51),
('2012_01_01_040125_create_book_dis_node_balance_details_table', 52),
('2012_02_16_140325_create_book_dis_shipment_recieve_losts_table', 53),
('2012_02_17_140250_create_book_dis_shipment_recieve_dmgs_table', 53),
('2018_06_02_074733_create_book_dis_shipment_files_table', 54);

-- --------------------------------------------------------

--
-- Table structure for table `password_resets`
--

CREATE TABLE `password_resets` (
  `email` varchar(255) COLLATE utf8_unicode_ci NOT NULL,
  `token` varchar(255) COLLATE utf8_unicode_ci NOT NULL,
  `created_at` timestamp NOT NULL DEFAULT CURRENT_TIMESTAMP ON UPDATE CURRENT_TIMESTAMP
) ENGINE=InnoDB DEFAULT CHARSET=utf8 COLLATE=utf8_unicode_ci;

-- --------------------------------------------------------

--
-- Table structure for table `projects`
--

CREATE TABLE `projects` (
  `id` int(10) UNSIGNED NOT NULL,
  `title` varchar(255) NOT NULL,
  `description` varchar(255) DEFAULT NULL
) ENGINE=InnoDB DEFAULT CHARSET=utf8;

--
-- Dumping data for table `projects`
--

INSERT INTO `projects` (`id`, `title`, `description`) VALUES
(1, 'ACR', 'ACR Project');

-- --------------------------------------------------------

--
-- Table structure for table `provinces`
--

CREATE TABLE `provinces` (
  `id` int(10) UNSIGNED NOT NULL,
  `dr_name` varchar(255) COLLATE utf8_unicode_ci NOT NULL,
  `en_name` varchar(255) COLLATE utf8_unicode_ci NOT NULL,
  `created_at` timestamp NULL DEFAULT NULL,
  `updated_at` timestamp NULL DEFAULT NULL
) ENGINE=InnoDB DEFAULT CHARSET=utf8 COLLATE=utf8_unicode_ci;

--
-- Dumping data for table `provinces`
--

INSERT INTO `provinces` (`id`, `dr_name`, `en_name`, `created_at`, `updated_at`) VALUES
(1, 'کابل', 'Kabul', NULL, NULL),
(2, 'هرات', 'Herat', NULL, NULL),
(3, 'پروان', 'Parwan', NULL, NULL),
(4, 'وردک ', 'Wardak', NULL, NULL),
(5, 'لــوگــر', 'Logar', NULL, NULL),
(6, 'غــزنــی', 'Ghazni', NULL, NULL),
(7, 'پــکــتــیــا ', 'Paktiya', NULL, NULL),
(8, 'ننگرهار', 'Nangarhar', NULL, NULL),
(9, 'لــغــمــان ', 'Laghman', NULL, NULL),
(10, 'کــنــر', 'Kunar', NULL, NULL),
(11, 'بدخــشــان ', 'Badakhshan', NULL, NULL),
(12, 'تــخــار', 'Takhar', NULL, NULL),
(13, 'بــغـــلان ', 'Baghlan', NULL, NULL),
(14, 'کـنــدز', 'Kunduz', NULL, NULL),
(15, 'ســمــنــگــان ', 'Samangan', NULL, NULL),
(16, 'بــلــخ', 'Balkh', NULL, NULL),
(17, 'جوزجان', 'Jawzjan', NULL, NULL),
(18, 'فــاریــاب', 'Faryab', NULL, NULL),
(19, 'بــادغــیــس', 'Badghis', NULL, NULL),
(20, 'فـــراه', 'Farah', NULL, NULL),
(21, 'نــیــمــروز', 'Nemroz', NULL, NULL),
(22, 'هلمند', 'Helmand', NULL, NULL),
(23, 'کــنــدهــار', 'Kandahar', NULL, NULL),
(24, 'زابــل', 'Zabul', NULL, NULL),
(25, 'ارزگــان', 'Orazgan', NULL, NULL),
(26, 'غــور', 'Ghor', NULL, NULL),
(27, 'بــامــیــان', 'Bamyan', NULL, NULL),
(28, 'پــکــتــیــکــا ', 'Paktika', NULL, NULL),
(29, 'نــورســتــان', 'Noristan', NULL, NULL),
(30, 'ســرپــل', 'Sare-pul', NULL, NULL),
(31, 'خــوســت ', 'Khust', NULL, NULL),
(32, 'پنجشیر', 'Panjshir', NULL, NULL),
(33, 'دایــکــنــدی', 'Daikondi', NULL, NULL),
(34, 'کــاپــیــســا', 'Kapisa', NULL, NULL);

-- --------------------------------------------------------

--
-- Table structure for table `users`
--

CREATE TABLE `users` (
  `id` int(10) UNSIGNED NOT NULL,
  `name` varchar(255) COLLATE utf8_unicode_ci NOT NULL,
  `email` varchar(255) COLLATE utf8_unicode_ci NOT NULL,
  `password` varchar(255) COLLATE utf8_unicode_ci NOT NULL,
  `remember_token` varchar(100) COLLATE utf8_unicode_ci DEFAULT NULL,
  `created_at` timestamp NULL DEFAULT NULL,
  `updated_at` timestamp NULL DEFAULT NULL,
  `api_token` varchar(60) COLLATE utf8_unicode_ci DEFAULT NULL
) ENGINE=InnoDB DEFAULT CHARSET=utf8 COLLATE=utf8_unicode_ci;

--
-- Dumping data for table `users`
--

INSERT INTO `users` (`id`, `name`, `email`, `password`, `remember_token`, `created_at`, `updated_at`, `api_token`) VALUES
(1, 'Main Admin', 'admin@example.com', '$2y$10$rpZ1SWhL0R9S2XIy5mvMy.81oXBa3awzx2r1o5GoLeAJ0MTds.2me', 'D8TZDnPcTWNZzZCQiENEHs39ZPKvDuYGKBajFJQV7JJyfnH5ERjtpInJR5hx', '2016-11-09 04:48:45', '2021-01-25 06:22:10', 'bJRiIO5y74SSPzwDPQIwlvQhU1e59CKq3n6dgO383R6QB7qRKC4mPEXQTaCp'),
(92, 'Vendor', 'vendor@example.com', '$2y$10$rpZ1SWhL0R9S2XIy5mvMy.81oXBa3awzx2r1o5GoLeAJ0MTds.2me', 'CyewtYuEcCIZewlzZFtsJ5yES25M7woTeOUOznCwGDSQRRN4kDhJyCXabUIx', '2018-07-01 04:18:35', '2019-01-27 05:09:25', NULL);

--
-- Indexes for dumped tables
--

--
-- Indexes for table `book_dis_meta_grades`
--
ALTER TABLE `book_dis_meta_grades`
  ADD PRIMARY KEY (`id`);

--
-- Indexes for table `book_dis_meta_titles`
--
ALTER TABLE `book_dis_meta_titles`
  ADD PRIMARY KEY (`id`),
  ADD KEY `book_dis_meta_titles_grade_id_foreign` (`grade_id`);

--
-- Indexes for table `book_dis_nodes`
--
ALTER TABLE `book_dis_nodes`
  ADD PRIMARY KEY (`id`),
  ADD KEY `book_dis_nodes_parent_id_foreign` (`parent_id`),
  ADD KEY `book_dis_nodes_level_id_foreign` (`level_id`),
  ADD KEY `book_dis_nodes_province_foreign` (`province`),
  ADD KEY `book_dis_nodes_district_foreign` (`district`),
  ADD KEY `book_dis_nodes_user_id_foreign` (`user_id`);

--
-- Indexes for table `book_dis_node_balances`
--
ALTER TABLE `book_dis_node_balances`
  ADD PRIMARY KEY (`id`),
  ADD KEY `book_dis_node_balances_node_id_foreign` (`node_id`),
  ADD KEY `book_dis_node_balances_transaction_id_foreign` (`transaction_id`),
  ADD KEY `book_dis_node_balances_creator_id_foreign` (`creator_id`);

--
-- Indexes for table `book_dis_node_balance_details`
--
ALTER TABLE `book_dis_node_balance_details`
  ADD PRIMARY KEY (`id`),
  ADD KEY `book_dis_node_balance_details_grade_id_foreign` (`grade_id`),
  ADD KEY `book_dis_node_balance_details_title_id_foreign` (`title_id`),
  ADD KEY `book_dis_node_balance_details_language_id_foreign` (`language_id`),
  ADD KEY `node_id_detail_blance` (`node_id`);

--
-- Indexes for table `book_dis_node_levels`
--
ALTER TABLE `book_dis_node_levels`
  ADD PRIMARY KEY (`id`),
  ADD UNIQUE KEY `code` (`code`),
  ADD KEY `book_dis_node_levels_parent_id_foreign` (`parent_id`),
  ADD KEY `user_id` (`user_id`);

--
-- Indexes for table `book_dis_node_staffs`
--
ALTER TABLE `book_dis_node_staffs`
  ADD PRIMARY KEY (`id`),
  ADD KEY `book_dis_node_staffs_node_id_foreign` (`node_id`),
  ADD KEY `book_dis_node_staffs_user_id_foreign` (`user_id`);

--
-- Indexes for table `book_dis_node_staffs_groups`
--
ALTER TABLE `book_dis_node_staffs_groups`
  ADD PRIMARY KEY (`id`),
  ADD KEY `book_dis_node_staffs_groups_node_id_foreign` (`node_id`),
  ADD KEY `book_dis_node_staffs_groups_user_id_foreign` (`user_id`);

--
-- Indexes for table `book_dis_node_transactions`
--
ALTER TABLE `book_dis_node_transactions`
  ADD PRIMARY KEY (`id`),
  ADD KEY `book_dis_node_transactions_creator_id_foreign` (`creator_id`);

--
-- Indexes for table `book_dis_shipments`
--
ALTER TABLE `book_dis_shipments`
  ADD PRIMARY KEY (`id`),
  ADD KEY `book_dis_shipments_from_foreign` (`from`),
  ADD KEY `book_dis_shipments_to_foreign` (`to`),
  ADD KEY `book_dis_shipments_creator_id_foreign` (`creator_id`),
  ADD KEY `book_dis_shipments_FK` (`project_id`);

--
-- Indexes for table `book_dis_shipment_details`
--
ALTER TABLE `book_dis_shipment_details`
  ADD PRIMARY KEY (`id`),
  ADD KEY `book_dis_shipment_details_grade_id_foreign` (`grade_id`),
  ADD KEY `book_dis_shipment_details_title_id_foreign` (`title_id`),
  ADD KEY `book_dis_shipment_details_language_id_foreign` (`language_id`),
  ADD KEY `book_dis_shipment_details_book_dis_shipments_id_foreign` (`book_dis_shipments_id`);

--
-- Indexes for table `book_dis_shipment_files`
--
ALTER TABLE `book_dis_shipment_files`
  ADD PRIMARY KEY (`id`),
  ADD KEY `book_dis_shipment_files_book_dis_shipments_id_foreign` (`book_dis_shipments_id`);

--
-- Indexes for table `book_dis_shipment_recieves`
--
ALTER TABLE `book_dis_shipment_recieves`
  ADD PRIMARY KEY (`id`),
  ADD KEY `book_dis_shipment_recieves_book_dis_shipments_id_foreign` (`book_dis_shipments_id`),
  ADD KEY `book_dis_shipment_recieves_receiver_id_foreign` (`receiver_id`);

--
-- Indexes for table `book_dis_shipment_recieve_details`
--
ALTER TABLE `book_dis_shipment_recieve_details`
  ADD PRIMARY KEY (`id`),
  ADD KEY `book_dis_shipment_recieve_details_grade_id_foreign` (`grade_id`),
  ADD KEY `book_dis_shipment_recieve_details_title_id_foreign` (`title_id`),
  ADD KEY `book_dis_shipment_recieve_details_language_id_foreign` (`language_id`),
  ADD KEY `book_dis_shipment_recieve_details_book_dis_receive_id_foreign` (`book_dis_receive_id`);

--
-- Indexes for table `book_dis_shipment_recieve_dmgs`
--
ALTER TABLE `book_dis_shipment_recieve_dmgs`
  ADD PRIMARY KEY (`id`),
  ADD KEY `book_dis_shipment_recieve_dmgs_grade_id_foreign` (`grade_id`),
  ADD KEY `book_dis_shipment_recieve_dmgs_title_id_foreign` (`title_id`),
  ADD KEY `book_dis_shipment_recieve_dmgs_language_id_foreign` (`language_id`),
  ADD KEY `book_dis_shipment_recieve_dmgs_book_dis_receive_id_foreign` (`book_dis_receive_id`);

--
-- Indexes for table `book_dis_shipment_recieve_losts`
--
ALTER TABLE `book_dis_shipment_recieve_losts`
  ADD PRIMARY KEY (`id`),
  ADD KEY `book_dis_shipment_recieve_losts_grade_id_foreign` (`grade_id`),
  ADD KEY `book_dis_shipment_recieve_losts_title_id_foreign` (`title_id`),
  ADD KEY `book_dis_shipment_recieve_losts_language_id_foreign` (`language_id`),
  ADD KEY `book_dis_shipment_recieve_losts_book_dis_receive_id_foreign` (`book_dis_receive_id`);

--
-- Indexes for table `book_dis_title_languages`
--
ALTER TABLE `book_dis_title_languages`
  ADD PRIMARY KEY (`id`);

--
-- Indexes for table `book_requests`
--
ALTER TABLE `book_requests`
  ADD PRIMARY KEY (`id`),
  ADD KEY `book_requests_fk` (`created_by`),
  ADD KEY `book_requests_fk_1` (`request_by_node`),
  ADD KEY `book_requests_fk_2` (`request_to_node`),
  ADD KEY `book_requests_fk_3` (`merged_with_request`);

--
-- Indexes for table `book_request_details`
--
ALTER TABLE `book_request_details`
  ADD PRIMARY KEY (`id`),
  ADD KEY `book_request_details_fk` (`book_request_id`),
  ADD KEY `book_request_details_fk_1` (`grade_id`),
  ADD KEY `book_request_details_fk_2` (`title_id`),
  ADD KEY `book_request_details_fk_3` (`language_id`);

--
-- Indexes for table `book_request_files`
--
ALTER TABLE `book_request_files`
  ADD PRIMARY KEY (`id`),
  ADD KEY `book_request_files_fk` (`book_request_id`);

--
-- Indexes for table `districts`
--
ALTER TABLE `districts`
  ADD PRIMARY KEY (`id`),
  ADD KEY `districts_province_id_foreign` (`province_id`);

--
-- Indexes for table `lcc_permissions`
--
ALTER TABLE `lcc_permissions`
  ADD PRIMARY KEY (`id`),
  ADD UNIQUE KEY `lcc_permissions_name_unique` (`name`);

--
-- Indexes for table `lcc_resourcepermissions`
--
ALTER TABLE `lcc_resourcepermissions`
  ADD PRIMARY KEY (`id`),
  ADD KEY `lcc_resourcepermissions_permission_id_foreign` (`permission_id`),
  ADD KEY `lcc_resourcepermissions_resource_id_foreign` (`resource_id`);

--
-- Indexes for table `lcc_resourcepermission_role`
--
ALTER TABLE `lcc_resourcepermission_role`
  ADD KEY `lcc_resourcepermission_role_resourcepermission_id_foreign` (`resourcepermission_id`),
  ADD KEY `lcc_resourcepermission_role_role_id_foreign` (`role_id`);

--
-- Indexes for table `lcc_resourcerelations`
--
ALTER TABLE `lcc_resourcerelations`
  ADD KEY `lcc_resourcerelations_resource_id_foreign` (`resource_id`),
  ADD KEY `lcc_resourcerelations_child_id_foreign` (`child_id`);

--
-- Indexes for table `lcc_resources`
--
ALTER TABLE `lcc_resources`
  ADD PRIMARY KEY (`id`);

--
-- Indexes for table `lcc_roles`
--
ALTER TABLE `lcc_roles`
  ADD PRIMARY KEY (`id`),
  ADD UNIQUE KEY `lcc_roles_name_unique` (`name`);

--
-- Indexes for table `lcc_role_user`
--
ALTER TABLE `lcc_role_user`
  ADD PRIMARY KEY (`user_id`,`role_id`),
  ADD KEY `lcc_role_user_role_id_foreign` (`role_id`);

--
-- Indexes for table `password_resets`
--
ALTER TABLE `password_resets`
  ADD KEY `password_resets_email_index` (`email`),
  ADD KEY `password_resets_token_index` (`token`);

--
-- Indexes for table `projects`
--
ALTER TABLE `projects`
  ADD PRIMARY KEY (`id`);

--
-- Indexes for table `provinces`
--
ALTER TABLE `provinces`
  ADD PRIMARY KEY (`id`);

--
-- Indexes for table `users`
--
ALTER TABLE `users`
  ADD PRIMARY KEY (`id`),
  ADD UNIQUE KEY `users_email_unique` (`email`);

--
-- AUTO_INCREMENT for dumped tables
--

--
-- AUTO_INCREMENT for table `book_dis_meta_grades`
--
ALTER TABLE `book_dis_meta_grades`
  MODIFY `id` int(10) UNSIGNED NOT NULL AUTO_INCREMENT, AUTO_INCREMENT=13;

--
-- AUTO_INCREMENT for table `book_dis_meta_titles`
--
ALTER TABLE `book_dis_meta_titles`
  MODIFY `id` int(10) UNSIGNED NOT NULL AUTO_INCREMENT, AUTO_INCREMENT=228;

--
-- AUTO_INCREMENT for table `book_dis_nodes`
--
ALTER TABLE `book_dis_nodes`
  MODIFY `id` int(10) UNSIGNED NOT NULL AUTO_INCREMENT, AUTO_INCREMENT=23759;

--
-- AUTO_INCREMENT for table `book_dis_node_balances`
--
ALTER TABLE `book_dis_node_balances`
  MODIFY `id` int(10) UNSIGNED NOT NULL AUTO_INCREMENT;

--
-- AUTO_INCREMENT for table `book_dis_node_balance_details`
--
ALTER TABLE `book_dis_node_balance_details`
  MODIFY `id` int(10) UNSIGNED NOT NULL AUTO_INCREMENT;

--
-- AUTO_INCREMENT for table `book_dis_node_levels`
--
ALTER TABLE `book_dis_node_levels`
  MODIFY `id` int(10) UNSIGNED NOT NULL AUTO_INCREMENT, AUTO_INCREMENT=19;

--
-- AUTO_INCREMENT for table `book_dis_node_staffs`
--
ALTER TABLE `book_dis_node_staffs`
  MODIFY `id` int(10) UNSIGNED NOT NULL AUTO_INCREMENT, AUTO_INCREMENT=2;

--
-- AUTO_INCREMENT for table `book_dis_node_staffs_groups`
--
ALTER TABLE `book_dis_node_staffs_groups`
  MODIFY `id` int(10) UNSIGNED NOT NULL AUTO_INCREMENT;

--
-- AUTO_INCREMENT for table `book_dis_node_transactions`
--
ALTER TABLE `book_dis_node_transactions`
  MODIFY `id` int(10) UNSIGNED NOT NULL AUTO_INCREMENT;

--
-- AUTO_INCREMENT for table `book_dis_shipments`
--
ALTER TABLE `book_dis_shipments`
  MODIFY `id` int(10) UNSIGNED NOT NULL AUTO_INCREMENT;

--
-- AUTO_INCREMENT for table `book_dis_shipment_details`
--
ALTER TABLE `book_dis_shipment_details`
  MODIFY `id` int(10) UNSIGNED NOT NULL AUTO_INCREMENT;

--
-- AUTO_INCREMENT for table `book_dis_shipment_files`
--
ALTER TABLE `book_dis_shipment_files`
  MODIFY `id` int(10) UNSIGNED NOT NULL AUTO_INCREMENT, AUTO_INCREMENT=750;

--
-- AUTO_INCREMENT for table `book_dis_shipment_recieves`
--
ALTER TABLE `book_dis_shipment_recieves`
  MODIFY `id` int(10) UNSIGNED NOT NULL AUTO_INCREMENT;

--
-- AUTO_INCREMENT for table `book_dis_shipment_recieve_details`
--
ALTER TABLE `book_dis_shipment_recieve_details`
  MODIFY `id` int(10) UNSIGNED NOT NULL AUTO_INCREMENT;

--
-- AUTO_INCREMENT for table `book_dis_shipment_recieve_dmgs`
--
ALTER TABLE `book_dis_shipment_recieve_dmgs`
  MODIFY `id` int(10) UNSIGNED NOT NULL AUTO_INCREMENT, AUTO_INCREMENT=31;

--
-- AUTO_INCREMENT for table `book_dis_shipment_recieve_losts`
--
ALTER TABLE `book_dis_shipment_recieve_losts`
  MODIFY `id` int(10) UNSIGNED NOT NULL AUTO_INCREMENT;

--
-- AUTO_INCREMENT for table `book_dis_title_languages`
--
ALTER TABLE `book_dis_title_languages`
  MODIFY `id` int(10) UNSIGNED NOT NULL AUTO_INCREMENT, AUTO_INCREMENT=11;

--
-- AUTO_INCREMENT for table `book_requests`
--
ALTER TABLE `book_requests`
  MODIFY `id` int(10) UNSIGNED NOT NULL AUTO_INCREMENT;

--
-- AUTO_INCREMENT for table `book_request_details`
--
ALTER TABLE `book_request_details`
  MODIFY `id` int(10) UNSIGNED NOT NULL AUTO_INCREMENT;

--
-- AUTO_INCREMENT for table `book_request_files`
--
ALTER TABLE `book_request_files`
  MODIFY `id` int(10) UNSIGNED NOT NULL AUTO_INCREMENT;

--
-- AUTO_INCREMENT for table `districts`
--
ALTER TABLE `districts`
  MODIFY `id` int(10) UNSIGNED NOT NULL AUTO_INCREMENT, AUTO_INCREMENT=410;

--
-- AUTO_INCREMENT for table `lcc_permissions`
--
ALTER TABLE `lcc_permissions`
  MODIFY `id` int(10) UNSIGNED NOT NULL AUTO_INCREMENT, AUTO_INCREMENT=7;

--
-- AUTO_INCREMENT for table `lcc_resourcepermissions`
--
ALTER TABLE `lcc_resourcepermissions`
  MODIFY `id` int(10) UNSIGNED NOT NULL AUTO_INCREMENT, AUTO_INCREMENT=137;

--
-- AUTO_INCREMENT for table `lcc_resources`
--
ALTER TABLE `lcc_resources`
  MODIFY `id` int(10) UNSIGNED NOT NULL AUTO_INCREMENT, AUTO_INCREMENT=40;

--
-- AUTO_INCREMENT for table `lcc_roles`
--
ALTER TABLE `lcc_roles`
  MODIFY `id` int(10) UNSIGNED NOT NULL AUTO_INCREMENT, AUTO_INCREMENT=23;

--
-- AUTO_INCREMENT for table `projects`
--
ALTER TABLE `projects`
  MODIFY `id` int(10) UNSIGNED NOT NULL AUTO_INCREMENT, AUTO_INCREMENT=2;

--
-- AUTO_INCREMENT for table `provinces`
--
ALTER TABLE `provinces`
  MODIFY `id` int(10) UNSIGNED NOT NULL AUTO_INCREMENT, AUTO_INCREMENT=35;

--
-- AUTO_INCREMENT for table `users`
--
ALTER TABLE `users`
  MODIFY `id` int(10) UNSIGNED NOT NULL AUTO_INCREMENT, AUTO_INCREMENT=215;

--
-- Constraints for dumped tables
--

--
-- Constraints for table `book_dis_meta_titles`
--
ALTER TABLE `book_dis_meta_titles`
  ADD CONSTRAINT `book_dis_meta_titles_grade_id_foreign` FOREIGN KEY (`grade_id`) REFERENCES `book_dis_meta_grades` (`id`);

--
-- Constraints for table `book_dis_nodes`
--
ALTER TABLE `book_dis_nodes`
  ADD CONSTRAINT `book_dis_nodes_district_foreign` FOREIGN KEY (`district`) REFERENCES `districts` (`id`),
  ADD CONSTRAINT `book_dis_nodes_level_id_foreign` FOREIGN KEY (`level_id`) REFERENCES `book_dis_node_levels` (`id`),
  ADD CONSTRAINT `book_dis_nodes_parent_id_foreign` FOREIGN KEY (`parent_id`) REFERENCES `book_dis_nodes` (`id`),
  ADD CONSTRAINT `book_dis_nodes_province_foreign` FOREIGN KEY (`province`) REFERENCES `provinces` (`id`),
  ADD CONSTRAINT `book_dis_nodes_user_id_foreign` FOREIGN KEY (`user_id`) REFERENCES `users` (`id`);

--
-- Constraints for table `book_dis_node_balances`
--
ALTER TABLE `book_dis_node_balances`
  ADD CONSTRAINT `book_dis_node_balances_creator_id_foreign` FOREIGN KEY (`creator_id`) REFERENCES `users` (`id`),
  ADD CONSTRAINT `book_dis_node_balances_node_id_foreign` FOREIGN KEY (`node_id`) REFERENCES `book_dis_nodes` (`id`),
  ADD CONSTRAINT `book_dis_node_balances_transaction_id_foreign` FOREIGN KEY (`transaction_id`) REFERENCES `book_dis_node_transactions` (`id`);

--
-- Constraints for table `book_dis_node_balance_details`
--
ALTER TABLE `book_dis_node_balance_details`
  ADD CONSTRAINT `book_dis_node_balance_details_grade_id_foreign` FOREIGN KEY (`grade_id`) REFERENCES `book_dis_meta_grades` (`id`),
  ADD CONSTRAINT `book_dis_node_balance_details_language_id_foreign` FOREIGN KEY (`language_id`) REFERENCES `book_dis_title_languages` (`id`),
  ADD CONSTRAINT `book_dis_node_balance_details_title_id_foreign` FOREIGN KEY (`title_id`) REFERENCES `book_dis_meta_titles` (`id`),
  ADD CONSTRAINT `node_id_detail_blance` FOREIGN KEY (`node_id`) REFERENCES `book_dis_nodes` (`id`) ON DELETE CASCADE ON UPDATE CASCADE;

--
-- Constraints for table `book_dis_node_levels`
--
ALTER TABLE `book_dis_node_levels`
  ADD CONSTRAINT `book_dis_node_levels_ibfk_1` FOREIGN KEY (`user_id`) REFERENCES `users` (`id`),
  ADD CONSTRAINT `book_dis_node_levels_parent_id_foreign` FOREIGN KEY (`parent_id`) REFERENCES `book_dis_node_levels` (`id`);

--
-- Constraints for table `book_dis_node_staffs`
--
ALTER TABLE `book_dis_node_staffs`
  ADD CONSTRAINT `book_dis_node_staffs_node_id_foreign` FOREIGN KEY (`node_id`) REFERENCES `book_dis_nodes` (`id`),
  ADD CONSTRAINT `book_dis_node_staffs_user_id_foreign` FOREIGN KEY (`user_id`) REFERENCES `users` (`id`);

--
-- Constraints for table `book_dis_node_staffs_groups`
--
ALTER TABLE `book_dis_node_staffs_groups`
  ADD CONSTRAINT `book_dis_node_staffs_groups_node_id_foreign` FOREIGN KEY (`node_id`) REFERENCES `book_dis_nodes` (`id`),
  ADD CONSTRAINT `book_dis_node_staffs_groups_user_id_foreign` FOREIGN KEY (`user_id`) REFERENCES `users` (`id`);

--
-- Constraints for table `book_dis_node_transactions`
--
ALTER TABLE `book_dis_node_transactions`
  ADD CONSTRAINT `book_dis_node_transactions_creator_id_foreign` FOREIGN KEY (`creator_id`) REFERENCES `users` (`id`);

--
-- Constraints for table `book_dis_shipments`
--
ALTER TABLE `book_dis_shipments`
  ADD CONSTRAINT `book_dis_shipments_FK` FOREIGN KEY (`project_id`) REFERENCES `projects` (`id`),
  ADD CONSTRAINT `book_dis_shipments_creator_id_foreign` FOREIGN KEY (`creator_id`) REFERENCES `users` (`id`),
  ADD CONSTRAINT `book_dis_shipments_from_foreign` FOREIGN KEY (`from`) REFERENCES `book_dis_nodes` (`id`),
  ADD CONSTRAINT `book_dis_shipments_to_foreign` FOREIGN KEY (`to`) REFERENCES `book_dis_nodes` (`id`);

--
-- Constraints for table `book_dis_shipment_details`
--
ALTER TABLE `book_dis_shipment_details`
  ADD CONSTRAINT `book_dis_shipment_details_book_dis_shipments_id_foreign` FOREIGN KEY (`book_dis_shipments_id`) REFERENCES `book_dis_shipments` (`id`) ON DELETE CASCADE,
  ADD CONSTRAINT `book_dis_shipment_details_grade_id_foreign` FOREIGN KEY (`grade_id`) REFERENCES `book_dis_meta_grades` (`id`),
  ADD CONSTRAINT `book_dis_shipment_details_language_id_foreign` FOREIGN KEY (`language_id`) REFERENCES `book_dis_title_languages` (`id`),
  ADD CONSTRAINT `book_dis_shipment_details_title_id_foreign` FOREIGN KEY (`title_id`) REFERENCES `book_dis_meta_titles` (`id`);

--
-- Constraints for table `book_dis_shipment_files`
--
ALTER TABLE `book_dis_shipment_files`
  ADD CONSTRAINT `book_dis_shipment_files_book_dis_shipments_id_foreign` FOREIGN KEY (`book_dis_shipments_id`) REFERENCES `book_dis_shipments` (`id`) ON DELETE CASCADE;

--
-- Constraints for table `book_dis_shipment_recieves`
--
ALTER TABLE `book_dis_shipment_recieves`
  ADD CONSTRAINT `book_dis_shipment_recieves_book_dis_shipments_id_foreign` FOREIGN KEY (`book_dis_shipments_id`) REFERENCES `book_dis_shipments` (`id`) ON DELETE CASCADE,
  ADD CONSTRAINT `book_dis_shipment_recieves_receiver_id_foreign` FOREIGN KEY (`receiver_id`) REFERENCES `users` (`id`);

--
-- Constraints for table `book_dis_shipment_recieve_details`
--
ALTER TABLE `book_dis_shipment_recieve_details`
  ADD CONSTRAINT `book_dis_shipment_recieve_details_book_dis_receive_id_foreign` FOREIGN KEY (`book_dis_receive_id`) REFERENCES `book_dis_shipment_recieves` (`id`) ON DELETE CASCADE,
  ADD CONSTRAINT `book_dis_shipment_recieve_details_grade_id_foreign` FOREIGN KEY (`grade_id`) REFERENCES `book_dis_meta_grades` (`id`),
  ADD CONSTRAINT `book_dis_shipment_recieve_details_language_id_foreign` FOREIGN KEY (`language_id`) REFERENCES `book_dis_title_languages` (`id`),
  ADD CONSTRAINT `book_dis_shipment_recieve_details_title_id_foreign` FOREIGN KEY (`title_id`) REFERENCES `book_dis_meta_titles` (`id`);

--
-- Constraints for table `book_dis_shipment_recieve_dmgs`
--
ALTER TABLE `book_dis_shipment_recieve_dmgs`
  ADD CONSTRAINT `book_dis_shipment_recieve_dmgs_book_dis_receive_id_foreign` FOREIGN KEY (`book_dis_receive_id`) REFERENCES `book_dis_shipment_recieves` (`id`) ON DELETE CASCADE,
  ADD CONSTRAINT `book_dis_shipment_recieve_dmgs_grade_id_foreign` FOREIGN KEY (`grade_id`) REFERENCES `book_dis_meta_grades` (`id`),
  ADD CONSTRAINT `book_dis_shipment_recieve_dmgs_language_id_foreign` FOREIGN KEY (`language_id`) REFERENCES `book_dis_title_languages` (`id`),
  ADD CONSTRAINT `book_dis_shipment_recieve_dmgs_title_id_foreign` FOREIGN KEY (`title_id`) REFERENCES `book_dis_meta_titles` (`id`);

--
-- Constraints for table `book_dis_shipment_recieve_losts`
--
ALTER TABLE `book_dis_shipment_recieve_losts`
  ADD CONSTRAINT `book_dis_shipment_recieve_losts_book_dis_receive_id_foreign` FOREIGN KEY (`book_dis_receive_id`) REFERENCES `book_dis_shipment_recieves` (`id`) ON DELETE CASCADE,
  ADD CONSTRAINT `book_dis_shipment_recieve_losts_grade_id_foreign` FOREIGN KEY (`grade_id`) REFERENCES `book_dis_meta_grades` (`id`),
  ADD CONSTRAINT `book_dis_shipment_recieve_losts_language_id_foreign` FOREIGN KEY (`language_id`) REFERENCES `book_dis_title_languages` (`id`),
  ADD CONSTRAINT `book_dis_shipment_recieve_losts_title_id_foreign` FOREIGN KEY (`title_id`) REFERENCES `book_dis_meta_titles` (`id`);

--
-- Constraints for table `book_requests`
--
ALTER TABLE `book_requests`
  ADD CONSTRAINT `book_requests_fk` FOREIGN KEY (`created_by`) REFERENCES `users` (`id`),
  ADD CONSTRAINT `book_requests_fk_1` FOREIGN KEY (`request_by_node`) REFERENCES `book_dis_nodes` (`id`),
  ADD CONSTRAINT `book_requests_fk_2` FOREIGN KEY (`request_to_node`) REFERENCES `book_dis_nodes` (`id`),
  ADD CONSTRAINT `book_requests_fk_3` FOREIGN KEY (`merged_with_request`) REFERENCES `book_requests` (`id`);

--
-- Constraints for table `book_request_details`
--
ALTER TABLE `book_request_details`
  ADD CONSTRAINT `book_request_details_fk` FOREIGN KEY (`book_request_id`) REFERENCES `book_requests` (`id`),
  ADD CONSTRAINT `book_request_details_fk_1` FOREIGN KEY (`grade_id`) REFERENCES `book_dis_meta_grades` (`id`),
  ADD CONSTRAINT `book_request_details_fk_2` FOREIGN KEY (`title_id`) REFERENCES `book_dis_meta_titles` (`id`),
  ADD CONSTRAINT `book_request_details_fk_3` FOREIGN KEY (`language_id`) REFERENCES `book_dis_title_languages` (`id`);

--
-- Constraints for table `book_request_files`
--
ALTER TABLE `book_request_files`
  ADD CONSTRAINT `book_request_files_fk` FOREIGN KEY (`book_request_id`) REFERENCES `book_requests` (`id`);

--
-- Constraints for table `districts`
--
ALTER TABLE `districts`
  ADD CONSTRAINT `districts_province_id_foreign` FOREIGN KEY (`province_id`) REFERENCES `provinces` (`id`);

--
-- Constraints for table `lcc_resourcepermissions`
--
ALTER TABLE `lcc_resourcepermissions`
  ADD CONSTRAINT `lcc_resourcepermissions_permission_id_foreign` FOREIGN KEY (`permission_id`) REFERENCES `lcc_permissions` (`id`) ON DELETE CASCADE,
  ADD CONSTRAINT `lcc_resourcepermissions_resource_id_foreign` FOREIGN KEY (`resource_id`) REFERENCES `lcc_resources` (`id`) ON DELETE CASCADE;

--
-- Constraints for table `lcc_resourcepermission_role`
--
ALTER TABLE `lcc_resourcepermission_role`
  ADD CONSTRAINT `lcc_resourcepermission_role_resourcepermission_id_foreign` FOREIGN KEY (`resourcepermission_id`) REFERENCES `lcc_resourcepermissions` (`id`) ON DELETE CASCADE,
  ADD CONSTRAINT `lcc_resourcepermission_role_role_id_foreign` FOREIGN KEY (`role_id`) REFERENCES `lcc_roles` (`id`) ON DELETE CASCADE;

--
-- Constraints for table `lcc_resourcerelations`
--
ALTER TABLE `lcc_resourcerelations`
  ADD CONSTRAINT `lcc_resourcerelations_child_id_foreign` FOREIGN KEY (`child_id`) REFERENCES `lcc_resources` (`id`) ON DELETE CASCADE,
  ADD CONSTRAINT `lcc_resourcerelations_resource_id_foreign` FOREIGN KEY (`resource_id`) REFERENCES `lcc_resources` (`id`) ON DELETE CASCADE;

--
-- Constraints for table `lcc_role_user`
--
ALTER TABLE `lcc_role_user`
  ADD CONSTRAINT `lcc_role_user_role_id_foreign` FOREIGN KEY (`role_id`) REFERENCES `lcc_roles` (`id`) ON DELETE CASCADE ON UPDATE CASCADE,
  ADD CONSTRAINT `lcc_role_user_user_id_foreign` FOREIGN KEY (`user_id`) REFERENCES `users` (`id`) ON DELETE CASCADE ON UPDATE CASCADE;
COMMIT;

/*!40101 SET CHARACTER_SET_CLIENT=@OLD_CHARACTER_SET_CLIENT */;
/*!40101 SET CHARACTER_SET_RESULTS=@OLD_CHARACTER_SET_RESULTS */;
/*!40101 SET COLLATION_CONNECTION=@OLD_COLLATION_CONNECTION */;
